GAME_ID,TEAM_ID,TEAM_NAME,TEAM_ABBREVIATION,TEAM_CITY,MIN,E_OFF_RATING,OFF_RATING,E_DEF_RATING,DEF_RATING,E_NET_RATING,NET_RATING,AST_PCT,AST_TOV,AST_RATIO,OREB_PCT,DREB_PCT,REB_PCT,E_TM_TOV_PCT,TM_TOV_PCT,EFG_PCT,TS_PCT,USG_PCT,E_USG_PCT,E_PACE,PACE,PACE_PER40,POSS,PIE,SEASON_ID,GAME_DATE,MATCHUP,WL,PTS
0021700026,1610612756,Suns,PHX,Phoenix,240:00,110.4,108.3,109.5,110.0,0.9,-1.7,0.378,0.89,11.7,0.231,0.827,0.529,16.14,15.8,0.565,0.598,1.0,0.2,119.12,120.0,100.0,120,0.504,22017,2017-10-20,PHX vs. LAL,L,130
0021700026,1610612747,Lakers,LAL,Los Angeles,240:00,109.5,110.0,110.4,108.3,-0.9,1.7,0.458,1.22,14.9,0.173,0.769,0.471,14.935,15.0,0.581,0.614,1.0,0.196,119.12,120.0,100.0,120,0.496,22017,2017-10-20,LAL @ PHX,W,132
0021700027,1610612761,Raptors,TOR,Toronto,240:00,116.1,116.4,85.6,86.2,30.5,30.1,0.548,1.77,16.3,0.24,0.772,0.523,11.788,11.8,0.545,0.608,1.0,0.2,110.06,109.5,91.25,110,0.711,22017,2017-10-21,TOR vs. PHI,W,128
0021700027,1610612755,76ers,PHI,Philadelphia,240:00,85.6,86.2,116.1,116.4,-30.5,-30.1,0.563,0.9,13.3,0.228,0.76,0.477,18.208,18.3,0.439,0.48,1.0,0.204,110.06,109.5,91.25,109,0.289,22017,2017-10-21,PHI @ TOR,L,94
0021700028,1610612739,Cavaliers,CLE,Cleveland,240:00,90.4,93.9,115.4,115.2,-25.0,-21.2,0.455,0.94,11.6,0.298,0.7,0.486,15.552,16.2,0.424,0.475,1.0,0.2,100.84,99.0,82.5,99,0.383,22017,2017-10-21,CLE vs. ORL,L,93
0021700028,1610612753,Magic,ORL,Orlando,240:00,115.4,115.2,90.4,93.9,25.0,21.2,0.7,2.33,20.2,0.3,0.702,0.514,12.146,12.1,0.539,0.577,1.0,0.202,100.84,99.0,82.5,99,0.617,22017,2017-10-21,ORL @ CLE,W,114
0021700029,1610612754,Pacers,IND,Indiana,240:00,105.6,111.3,110.7,114.3,-5.1,-2.9,0.419,1.8,13.5,0.31,0.761,0.51,9.781,10.3,0.484,0.513,1.0,0.198,101.7,97.5,81.25,97,0.449,22017,2017-10-21,IND @ MIA,L,108
0021700029,1610612748,Heat,MIA,Miami,240:00,110.7,114.3,105.6,111.3,5.1,2.9,0.533,1.71,18.3,0.239,0.69,0.49,13.839,14.3,0.598,0.601,1.0,0.198,101.7,97.5,81.25,98,0.551,22017,2017-10-21,MIA vs. IND,W,112
0021700030,1610612752,Knicks,NYK,New York,240:00,110.7,112.6,116.1,118.1,-5.4,-5.5,0.541,1.43,15.5,0.37,0.638,0.505,14.487,14.7,0.506,0.565,1.0,0.195,96.12,94.5,78.75,95,0.484,22017,2017-10-21,NYK vs. DET,L,107
0021700030,1610612765,Pistons,DET,Detroit,240:00,116.1,118.1,110.7,112.6,5.4,5.5,0.477,1.62,16.0,0.362,0.63,0.495,13.598,13.8,0.533,0.569,1.0,0.195,96.12,94.5,78.75,94,0.516,22017,2017-10-21,DET @ NYK,W,111
0021700031,1610612759,Spurs,SAS,San Antonio,240:00,89.7,91.6,78.6,81.1,11.1,10.5,0.658,2.27,18.4,0.31,0.792,0.541,11.336,11.6,0.414,0.435,1.0,0.2,97.5,95.0,79.17,95,0.588,22017,2017-10-21,SAS @ CHI,W,87
0021700031,1610612741,Bulls,CHI,Chicago,240:00,78.6,81.1,89.7,91.6,-11.1,-10.5,0.581,0.9,14.5,0.208,0.69,0.459,20.416,21.1,0.427,0.448,1.0,0.196,97.5,95.0,79.17,95,0.412,22017,2017-10-21,CHI vs. SAS,L,77
0021700032,1610612742,Mavericks,DAL,Dallas,240:00,91.7,91.9,108.4,108.1,-16.7,-16.2,0.613,1.36,15.1,0.158,0.822,0.451,14.107,14.1,0.446,0.488,1.0,0.198,98.96,99.0,82.5,99,0.378,22017,2017-10-21,DAL @ HOU,L,91
0021700032,1610612745,Rockets,HOU,Houston,240:00,108.4,108.1,91.7,91.9,16.7,16.2,0.436,1.13,13.7,0.178,0.842,0.549,15.201,15.2,0.543,0.584,1.0,0.191,98.96,99.0,82.5,99,0.622,22017,2017-10-21,HOU vs. DAL,W,107
0021700033,1610612763,Grizzlies,MEM,Memphis,240:00,109.6,111.0,100.1,100.0,9.5,11.0,0.556,1.43,15.7,0.178,0.698,0.459,13.823,14.0,0.532,0.595,1.0,0.199,101.08,100.5,83.75,100,0.547,22017,2017-10-21,MEM vs. GSW,W,111
0021700033,1610612744,Warriors,GSW,Golden State,240:00,100.1,100.0,109.6,111.0,-9.5,-11.0,0.606,1.18,15.1,0.302,0.822,0.541,16.852,16.8,0.464,0.527,1.0,0.202,101.08,100.5,83.75,101,0.453,22017,2017-10-21,GSW @ MEM,L,101
0021700034,1610612749,Bucks,MIL,Milwaukee,240:00,112.8,115.3,110.7,111.1,2.1,4.2,0.524,1.57,17.0,0.244,0.604,0.438,13.972,14.3,0.569,0.606,1.0,0.2,99.8,98.5,82.08,98,0.524,22017,2017-10-21,MIL vs. POR,W,113
0021700034,1610612757,Trail Blazers,POR,Portland,240:00,110.7,111.1,112.8,115.3,-2.1,-4.2,0.529,1.13,13.8,0.396,0.756,0.562,16.097,16.2,0.488,0.571,1.0,0.203,99.8,98.5,82.08,99,0.476,22017,2017-10-21,POR @ MIL,L,110
0021700035,1610612758,Kings,SAC,Sacramento,240:00,85.2,84.9,104.6,103.2,-19.4,-18.3,0.484,1.07,12.5,0.25,0.608,0.421,15.099,15.1,0.412,0.435,1.0,0.197,92.26,93.0,77.5,93,0.323,22017,2017-10-21,SAC @ DEN,L,79
0021700035,1610612743,Nuggets,DEN,Denver,240:00,104.6,103.2,85.2,84.9,19.4,18.3,0.676,1.56,18.5,0.392,0.75,0.579,17.429,17.2,0.494,0.512,1.0,0.2,92.26,93.0,77.5,93,0.677,22017,2017-10-21,DEN vs. SAC,W,96
0021700036,1610612760,Thunder,OKC,Oklahoma City,240:00,91.2,94.6,100.9,104.3,-9.6,-9.8,0.469,0.88,12.7,0.271,0.78,0.506,17.827,18.5,0.481,0.504,1.0,0.201,95.26,92.0,76.67,92,0.433,22017,2017-10-21,OKC @ UTA,L,87
0021700036,1610612762,Jazz,UTA,Utah,240:00,100.9,104.3,91.2,94.6,9.6,9.8,0.579,1.16,17.7,0.22,0.729,0.494,19.966,20.7,0.552,0.577,1.0,0.194,95.26,92.0,76.67,92,0.567,22017,2017-10-21,UTA vs. OKC,W,96
0021700037,1610612746,Clippers,LAC,LA,240:00,126.0,123.8,84.8,84.6,41.1,39.2,0.542,2.17,18.7,0.267,0.875,0.581,11.628,11.4,0.614,0.642,1.0,0.201,103.46,104.5,87.08,105,0.715,22017,2017-10-21,LAC vs. PHX,W,130
0021700037,1610612756,Suns,PHX,Phoenix,240:00,84.8,84.6,126.0,123.8,-41.1,-39.2,0.704,0.95,15.0,0.125,0.733,0.419,19.283,19.2,0.423,0.502,1.0,0.201,103.46,104.5,87.08,104,0.285,22017,2017-10-21,PHX @ LAC,L,88
0021700038,1610612737,Hawks,ATL,Atlanta,240:00,94.7,98.1,108.5,108.4,-13.8,-10.3,0.656,1.31,14.3,0.344,0.673,0.491,14.567,15.1,0.378,0.473,1.0,0.2,108.4,106.5,88.75,106,0.394,22017,2017-10-22,ATL @ BKN,L,104
0021700038,1610612751,Nets,BKN,Brooklyn,240:00,108.5,108.4,94.7,98.1,13.8,10.3,0.659,1.5,18.4,0.327,0.656,0.509,16.829,16.8,0.534,0.569,1.0,0.198,108.4,106.5,88.75,107,0.606,22017,2017-10-22,BKN vs. ATL,W,116
0021700039,1610612750,Timberwolves,MIN,Minnesota,240:00,110.4,112.7,107.6,111.9,2.9,0.9,0.581,1.39,18.0,0.364,0.736,0.567,17.288,17.6,0.558,0.598,1.0,0.2,104.58,101.5,84.58,102,0.525,22017,2017-10-22,MIN @ OKC,W,115
0021700039,1610612760,Thunder,OKC,Oklahoma City,240:00,107.6,111.9,110.4,112.7,-2.9,-0.9,0.565,2.36,18.6,0.264,0.636,0.433,10.472,10.9,0.536,0.548,1.0,0.198,104.58,101.5,84.58,101,0.475,22017,2017-10-22,OKC vs. MIN,L,113
0021700040,1610612747,Lakers,LAL,Los Angeles,240:00,104.9,105.7,114.2,111.2,-9.3,-5.6,0.614,1.59,18.9,0.22,0.816,0.477,15.918,16.0,0.539,0.567,1.0,0.199,105.52,106.5,88.75,106,0.429,22017,2017-10-22,LAL vs. NOP,L,112
0021700040,1610612740,Pelicans,NOP,New Orleans,240:00,114.2,111.2,104.9,105.7,9.3,5.6,0.553,1.44,19.1,0.184,0.78,0.523,17.268,16.8,0.627,0.645,1.0,0.2,105.52,106.5,88.75,107,0.571,22017,2017-10-22,NOP @ LAL,W,119
0021700041,1610612765,Pistons,DET,Detroit,240:00,87.4,86.9,98.4,99.0,-11.0,-12.1,0.424,1.0,11.5,0.236,0.738,0.454,14.233,14.1,0.424,0.461,1.0,0.201,98.46,98.5,82.08,99,0.358,22017,2017-10-23,DET vs. PHI,L,86
0021700041,1610612755,76ers,PHI,Philadelphia,240:00,98.4,99.0,87.4,86.9,11.0,12.1,0.714,1.19,19.0,0.262,0.764,0.546,21.307,21.4,0.527,0.567,1.0,0.199,98.46,98.5,82.08,98,0.642,22017,2017-10-23,PHI @ DET,W,97
0021700042,1610612737,Hawks,ATL,Atlanta,240:00,94.0,91.2,102.0,102.0,-8.0,-10.8,0.389,0.67,11.8,0.209,0.72,0.484,21.229,20.6,0.52,0.554,1.0,0.198,100.42,102.0,85.0,102,0.457,22017,2017-10-23,ATL @ MIA,L,93
0021700042,1610612748,Heat,MIA,Miami,240:00,102.0,102.0,94.0,91.2,8.0,10.8,0.538,1.11,15.8,0.28,0.791,0.516,18.642,18.6,0.541,0.56,1.0,0.197,100.42,102.0,85.0,102,0.543,22017,2017-10-23,MIA vs. ATL,W,104
0021700043,1610612745,Rockets,HOU,Houston,240:00,94.6,96.8,105.1,105.4,-10.4,-8.6,0.781,1.47,19.4,0.24,0.825,0.5,17.872,18.3,0.474,0.517,1.0,0.196,94.2,93.0,77.5,93,0.409,22017,2017-10-23,HOU vs. MEM,L,90
0021700043,1610612763,Grizzlies,MEM,Memphis,240:00,105.1,105.4,94.6,96.8,10.4,8.6,0.552,1.33,14.3,0.175,0.76,0.5,12.864,12.9,0.471,0.581,1.0,0.199,94.2,93.0,77.5,93,0.591,22017,2017-10-23,MEM @ HOU,W,98
0021700044,1610612766,Hornets,CHA,Charlotte,240:00,96.1,95.9,103.0,105.1,-6.9,-9.2,0.515,1.21,13.6,0.264,0.848,0.535,14.309,14.3,0.468,0.501,1.0,0.202,98.94,98.0,81.67,98,0.419,22017,2017-10-23,CHA @ MIL,L,94
0021700044,1610612749,Bucks,MIL,Milwaukee,240:00,103.0,105.1,96.1,95.9,6.9,9.2,0.6,1.85,18.6,0.152,0.736,0.465,12.995,13.3,0.524,0.56,1.0,0.198,98.94,98.0,81.67,98,0.581,22017,2017-10-23,MIL vs. CHA,W,103
0021700045,1610612744,Warriors,GSW,Golden State,240:00,128.6,129.1,96.1,100.0,32.5,29.1,0.688,2.06,22.5,0.275,0.677,0.524,15.468,15.5,0.645,0.682,1.0,0.197,105.32,103.0,85.83,103,0.673,22017,2017-10-23,GSW @ DAL,W,133
0021700045,1610612742,Mavericks,DAL,Dallas,240:00,96.1,100.0,128.6,129.1,-32.5,-29.1,0.553,1.75,14.8,0.323,0.725,0.476,11.194,11.7,0.443,0.472,1.0,0.201,105.32,103.0,85.83,103,0.327,22017,2017-10-23,DAL vs. GSW,L,103
0021700046,1610612759,Spurs,SAS,San Antonio,240:00,98.9,101.0,96.5,97.0,2.4,4.0,0.475,0.95,13.7,0.407,0.833,0.608,19.585,20.0,0.472,0.504,1.0,0.2,101.34,100.0,83.33,100,0.552,22017,2017-10-23,SAS vs. TOR,W,101
0021700046,1610612761,Raptors,TOR,Toronto,240:00,96.5,97.0,98.9,101.0,-2.4,-4.0,0.5,1.13,13.9,0.167,0.593,0.392,14.916,15.0,0.488,0.536,1.0,0.197,101.34,100.0,83.33,100,0.448,22017,2017-10-23,TOR @ SAS,L,97
0021700047,1610612743,Nuggets,DEN,Denver,240:00,99.9,102.0,107.6,106.9,-7.7,-4.9,0.692,1.17,19.3,0.295,0.771,0.543,22.09,22.5,0.538,0.577,1.0,0.2,102.72,102.0,85.0,102,0.48,22017,2017-10-23,DEN vs. WAS,L,104
0021700047,1610612764,Wizards,WAS,Washington,240:00,107.6,106.9,99.9,102.0,7.7,4.9,0.649,1.6,17.7,0.229,0.705,0.457,14.805,14.7,0.494,0.566,1.0,0.199,102.72,102.0,85.0,102,0.52,22017,2017-10-23,WAS @ DEN,W,109
0021700048,1610612756,Suns,PHX,Phoenix,240:00,113.7,112.5,106.7,110.6,7.0,1.9,0.476,1.0,15.5,0.278,0.672,0.526,19.44,19.2,0.61,0.658,1.0,0.202,105.32,104.0,86.67,104,0.566,22017,2017-10-23,PHX vs. SAC,W,117
0021700048,1610612758,Kings,SAC,Sacramento,240:00,106.7,110.6,113.7,112.5,-7.0,-1.9,0.442,2.11,13.6,0.328,0.722,0.474,8.352,8.7,0.48,0.514,1.0,0.197,105.32,104.0,86.67,104,0.434,22017,2017-10-23,SAC @ PHX,L,115
0021700049,1610612739,Cavaliers,CLE,Cleveland,240:00,127.0,125.3,114.6,117.9,12.4,7.4,0.651,3.11,21.6,0.262,0.739,0.511,9.607,9.5,0.614,0.642,1.0,0.201,95.7,95.0,79.17,95,0.548,22017,2017-10-24,CLE vs. CHI,W,119
0021700049,1610612741,Bulls,CHI,Chicago,240:00,114.6,117.9,127.0,125.3,-12.4,-7.4,0.667,2.33,20.9,0.261,0.738,0.489,12.28,12.6,0.574,0.598,1.0,0.193,95.7,95.0,79.17,95,0.452,22017,2017-10-24,CHI @ CLE,L,112
0021700050,1610612751,Nets,BKN,Brooklyn,240:00,108.1,115.2,118.4,119.0,-10.3,-3.8,0.525,1.4,14.3,0.339,0.783,0.533,13.398,14.3,0.474,0.545,1.0,0.198,108.78,105.0,87.5,105,0.443,22017,2017-10-24,BKN @ ORL,L,121
0021700050,1610612753,Magic,ORL,Orlando,240:00,118.4,119.0,108.1,115.2,10.3,3.8,0.488,1.82,15.2,0.217,0.661,0.467,10.417,10.5,0.542,0.621,1.0,0.201,108.78,105.0,87.5,105,0.557,22017,2017-10-24,ORL vs. BKN,W,125
0021700076,1610612761,Raptors,TOR,Toronto,240:00,94.6,98.1,90.6,88.5,4.0,9.6,0.675,1.93,18.9,0.25,0.756,0.475,13.109,13.6,0.468,0.496,1.0,0.195,104.18,103.5,86.25,103,0.523,22017,2017-10-27,TOR @ LAL,W,101
0021700076,1610612747,Lakers,LAL,Los Angeles,240:00,90.6,88.5,94.6,98.1,-4.0,-9.6,0.556,0.95,15.3,0.244,0.75,0.525,20.677,20.2,0.475,0.514,1.0,0.201,104.18,103.5,86.25,104,0.477,22017,2017-10-27,LAL vs. TOR,L,92
0021700077,1610612739,Cavaliers,CLE,Cleveland,240:00,99.9,100.0,119.4,121.8,-19.5,-21.8,0.528,1.06,15.2,0.133,0.708,0.43,17.801,17.8,0.538,0.573,1.0,0.2,102.08,101.0,84.17,101,0.378,22017,2017-10-28,CLE @ NOP,L,101
0021700077,1610612740,Pelicans,NOP,New Orleans,240:00,119.4,121.8,99.9,100.0,19.5,21.8,0.673,3.0,22.6,0.292,0.867,0.57,10.675,10.9,0.584,0.603,1.0,0.198,102.08,101.0,84.17,101,0.622,22017,2017-10-28,NOP vs. CLE,W,123
0021700078,1610612748,Heat,MIA,Miami,240:00,90.9,96.8,102.7,103.2,-11.9,-6.5,0.5,0.89,13.9,0.289,0.714,0.511,19.184,20.4,0.475,0.523,1.0,0.198,96.24,93.0,77.5,93,0.445,22017,2017-10-28,MIA vs. BOS,L,90
0021700078,1610612738,Celtics,BOS,Boston,240:00,102.7,103.2,90.9,96.8,11.9,6.5,0.441,1.25,12.6,0.286,0.711,0.489,12.842,12.9,0.457,0.519,1.0,0.199,96.24,93.0,77.5,93,0.555,22017,2017-10-28,BOS @ MIA,W,96
0021700079,1610612760,Thunder,OKC,Oklahoma City,240:00,106.1,105.2,72.8,73.4,33.4,31.8,0.718,2.33,20.9,0.294,0.741,0.532,12.61,12.5,0.517,0.536,1.0,0.198,94.98,95.0,79.17,96,0.737,22017,2017-10-28,OKC @ CHI,W,101
0021700079,1610612741,Bulls,CHI,Chicago,240:00,72.8,73.4,106.1,105.2,-33.4,-31.8,0.727,0.8,13.0,0.259,0.706,0.468,21.097,21.3,0.346,0.397,1.0,0.199,94.98,95.0,79.17,94,0.263,22017,2017-10-28,CHI vs. OKC,L,69
0021700080,1610612763,Grizzlies,MEM,Memphis,240:00,110.4,108.4,91.5,93.7,18.9,14.7,0.65,2.89,20.8,0.156,0.78,0.484,9.648,9.5,0.553,0.57,1.0,0.199,95.26,95.0,79.17,95,0.644,22017,2017-10-28,MEM vs. HOU,W,103
0021700080,1610612745,Rockets,HOU,Houston,240:00,91.5,93.7,110.4,108.4,-18.9,-14.7,0.621,0.95,14.6,0.22,0.844,0.516,19.539,20.0,0.468,0.516,1.0,0.192,95.26,95.0,79.17,95,0.356,22017,2017-10-28,HOU @ MEM,L,89
0021700081,1610612742,Mavericks,DAL,Dallas,240:00,113.0,114.6,116.5,117.9,-3.5,-3.3,0.579,1.22,18.0,0.179,0.696,0.459,18.488,18.8,0.642,0.668,1.0,0.197,96.76,95.5,79.58,96,0.494,22017,2017-10-28,DAL vs. PHI,L,110
0021700081,1610612755,76ers,PHI,Philadelphia,240:00,116.5,117.9,113.0,114.6,3.5,3.3,0.581,1.79,18.9,0.304,0.821,0.541,14.559,14.7,0.586,0.601,1.0,0.2,96.76,95.5,79.58,95,0.506,22017,2017-10-28,PHI @ DAL,W,112
0021700082,1610612747,Lakers,LAL,Los Angeles,240:00,88.2,89.0,102.4,106.7,-14.2,-17.7,0.548,1.06,13.8,0.34,0.568,0.443,17.429,17.6,0.414,0.451,1.0,0.2,92.76,90.5,75.42,91,0.398,22017,2017-10-28,LAL @ UTA,L,81
0021700082,1610612762,Jazz,UTA,Utah,240:00,102.4,106.7,88.2,89.0,14.2,17.7,0.486,0.78,14.3,0.432,0.66,0.557,24.541,25.6,0.551,0.567,1.0,0.197,92.76,90.5,75.42,90,0.602,22017,2017-10-28,UTA vs. LAL,W,96
0021700083,1610612757,Trail Blazers,POR,Portland,240:00,107.2,106.5,101.7,101.9,5.5,4.6,0.675,1.8,18.6,0.308,0.764,0.542,14.108,14.0,0.5,0.552,1.0,0.198,105.76,106.0,88.33,107,0.539,22017,2017-10-28,POR vs. PHX,W,114
0021700083,1610612756,Suns,PHX,Phoenix,240:00,101.7,101.9,107.2,106.5,-5.5,-4.6,0.568,1.24,15.2,0.236,0.692,0.458,16.16,16.2,0.477,0.534,1.0,0.198,105.76,106.0,88.33,105,0.461,22017,2017-10-28,PHX @ POR,L,107
0021700084,1610612765,Pistons,DET,Detroit,240:00,96.7,97.9,89.1,90.6,7.6,7.3,0.444,1.23,12.7,0.309,0.69,0.504,13.233,13.4,0.46,0.488,1.0,0.2,97.96,96.5,80.42,97,0.564,22017,2017-10-28,DET @ LAC,W,95
0021700084,1610612746,Clippers,LAC,LA,240:00,89.1,90.6,96.7,97.9,-7.6,-7.3,0.679,1.0,14.4,0.31,0.691,0.496,19.451,19.8,0.423,0.464,1.0,0.199,97.96,96.5,80.42,96,0.436,22017,2017-10-28,LAC vs. DET,L,87
0021700085,1610612737,Hawks,ATL,Atlanta,240:00,104.5,103.9,117.9,113.6,-13.4,-9.7,0.75,1.69,20.5,0.111,0.875,0.471,15.773,15.7,0.552,0.599,1.0,0.201,100.34,102.5,85.42,102,0.438,22017,2017-10-29,ATL vs. MIL,L,106
0021700085,1610612749,Bucks,MIL,Milwaukee,240:00,117.9,113.6,104.5,103.9,13.4,9.7,0.682,2.14,22.3,0.125,0.889,0.529,14.107,13.6,0.623,0.648,1.0,0.201,100.34,102.5,85.42,103,0.562,22017,2017-10-29,MIL @ ATL,W,117
0021700086,1610612754,Pacers,IND,Indiana,240:00,98.2,101.0,91.3,97.9,6.8,3.1,0.583,1.11,16.7,0.256,0.69,0.505,19.231,19.8,0.532,0.565,1.0,0.2,100.86,96.0,80.0,96,0.514,22017,2017-10-29,IND vs. SAS,W,97
0021700086,1610612759,Spurs,SAS,San Antonio,240:00,91.3,97.9,98.2,101.0,-6.8,-3.1,0.528,1.12,14.2,0.31,0.744,0.495,16.518,17.7,0.45,0.48,1.0,0.195,100.86,96.0,80.0,96,0.486,22017,2017-10-29,SAS @ IND,L,94
0021700087,1610612743,Nuggets,DEN,Denver,240:00,117.3,118.1,103.1,105.7,14.2,12.4,0.489,3.83,17.3,0.104,0.667,0.423,5.678,5.7,0.559,0.598,1.0,0.199,106.66,105.0,87.5,105,0.58,22017,2017-10-29,DEN @ BKN,W,124
0021700087,1610612751,Nets,BKN,Brooklyn,240:00,103.1,105.7,117.3,118.1,-14.2,-12.4,0.615,1.6,16.1,0.333,0.896,0.577,13.935,14.3,0.469,0.506,1.0,0.199,106.66,105.0,87.5,105,0.42,22017,2017-10-29,BKN vs. DEN,L,111
0021700088,1610612766,Hornets,CHA,Charlotte,240:00,109.6,112.1,102.3,107.6,7.3,4.5,0.585,1.82,20.3,0.375,0.787,0.606,15.528,15.9,0.577,0.574,1.0,0.199,109.96,106.0,88.33,107,0.556,22017,2017-10-29,CHA vs. ORL,W,120
0021700088,1610612753,Magic,ORL,Orlando,240:00,102.3,107.6,109.6,112.1,-7.3,-4.5,0.683,2.55,19.0,0.213,0.625,0.394,9.96,10.5,0.479,0.521,1.0,0.198,109.96,106.0,88.33,105,0.444,22017,2017-10-29,ORL @ CHA,L,113
0021700089,1610612764,Wizards,WAS,Washington,240:00,112.5,113.4,84.7,84.7,27.8,28.7,0.7,1.65,20.2,0.327,0.72,0.525,17.382,17.5,0.571,0.586,1.0,0.199,97.92,97.5,81.25,97,0.678,22017,2017-10-29,WAS @ SAC,W,110
0021700089,1610612758,Kings,SAC,Sacramento,240:00,84.7,84.7,112.5,113.4,-27.8,-28.7,0.406,0.65,10.7,0.28,0.673,0.475,20.4,20.4,0.427,0.466,1.0,0.194,97.92,97.5,81.25,98,0.322,22017,2017-10-29,SAC vs. WAS,L,83
0021700090,1610612739,Cavaliers,CLE,Cleveland,240:00,94.2,95.0,112.6,114.0,-18.4,-19.0,0.645,1.33,15.6,0.196,0.7,0.446,14.869,15.0,0.444,0.511,1.0,0.2,101.06,100.0,83.33,100,0.387,22017,2017-10-29,CLE vs. NYK,L,95
0021700090,1610612752,Knicks,NYK,New York,240:00,112.6,114.0,94.2,95.0,18.4,19.0,0.643,1.93,19.4,0.3,0.804,0.554,13.829,14.0,0.545,0.58,1.0,0.201,101.06,100.0,83.33,100,0.613,22017,2017-10-29,NYK @ CLE,W,114
0021700091,1610612765,Pistons,DET,Detroit,240:00,118.0,119.8,108.9,113.8,9.1,6.0,0.512,1.57,16.1,0.4,0.647,0.5,14.362,14.6,0.527,0.572,1.0,0.196,97.88,95.0,79.17,96,0.512,22017,2017-10-29,DET @ GSW,W,115
0021700091,1610612744,Warriors,GSW,Golden State,240:00,108.9,113.8,118.0,119.8,-9.1,-6.0,0.659,1.12,21.1,0.353,0.6,0.5,26.455,27.7,0.636,0.65,1.0,0.192,97.88,95.0,79.17,94,0.488,22017,2017-10-29,GSW vs. DET,L,107
0021700092,1610612738,Celtics,BOS,Boston,240:00,113.6,113.7,99.2,100.0,14.5,13.7,0.571,1.6,17.9,0.362,0.737,0.567,15.783,15.8,0.54,0.568,1.0,0.194,94.92,94.5,78.75,95,0.581,22017,2017-10-30,BOS vs. SAS,W,108
0021700092,1610612759,Spurs,SAS,San Antonio,240:00,99.2,100.0,113.6,113.7,-14.5,-13.7,0.667,2.18,18.3,0.263,0.638,0.433,11.603,11.7,0.483,0.491,1.0,0.2,94.92,94.5,78.75,94,0.419,22017,2017-10-30,SAS @ BOS,L,94
0021700093,1610612750,Timberwolves,MIN,Minnesota,265:00,111.2,110.6,108.0,108.9,3.2,1.7,0.488,1.25,14.0,0.231,0.625,0.42,14.235,14.2,0.511,0.587,1.0,0.199,102.07,101.89,84.91,113,0.542,22017,2017-10-30,MIN @ MIA,W,125
0021700093,1610612748,Heat,MIA,Miami,265:00,108.0,108.9,111.2,110.6,-3.2,-1.7,0.347,0.71,11.7,0.375,0.769,0.58,21.239,21.4,0.565,0.587,1.0,0.2,102.07,101.89,84.91,112,0.458,22017,2017-10-30,MIA vs. MIN,L,122
0021700094,1610612743,Nuggets,DEN,Denver,240:00,111.5,110.0,111.4,116.0,0.1,-6.0,0.571,1.54,15.2,0.273,0.571,0.402,13.179,13.0,0.518,0.558,1.0,0.202,101.38,100.0,83.33,100,0.432,22017,2017-10-30,DEN @ NYK,L,110
0021700094,1610612752,Knicks,NYK,New York,240:00,111.4,116.0,111.5,110.0,-0.1,6.0,0.659,1.17,19.0,0.429,0.727,0.598,22.09,23.0,0.579,0.63,1.0,0.2,101.38,100.0,83.33,100,0.568,22017,2017-10-30,NYK vs. DEN,W,116
0021700095,1610612755,76ers,PHI,Philadelphia,240:00,110.0,112.7,102.2,103.9,7.8,8.9,0.614,1.29,19.5,0.282,0.75,0.558,20.084,20.6,0.613,0.635,1.0,0.197,104.64,102.5,85.42,102,0.598,22017,2017-10-30,PHI @ HOU,W,115
0021700095,1610612745,Rockets,HOU,Houston,240:00,102.2,103.9,110.0,112.7,-7.8,-8.9,0.515,1.13,12.9,0.25,0.718,0.442,14.324,14.6,0.476,0.537,1.0,0.199,104.64,102.5,85.42,103,0.402,22017,2017-10-30,HOU vs. PHI,L,107
0021700096,1610612763,Grizzlies,MEM,Memphis,240:00,95.6,98.0,100.2,105.1,-4.6,-7.0,0.531,2.43,12.9,0.266,0.709,0.471,6.762,6.9,0.387,0.46,1.0,0.197,103.64,100.0,83.33,101,0.465,22017,2017-10-30,MEM vs. CHA,L,99
0021700096,1610612766,Hornets,CHA,Charlotte,240:00,100.2,105.1,95.6,98.0,4.6,7.0,0.405,1.25,11.6,0.291,0.734,0.529,11.565,12.1,0.455,0.511,1.0,0.197,103.64,100.0,83.33,99,0.535,22017,2017-10-30,CHA @ MEM,W,104
0021700097,1610612740,Pelicans,NOP,New Orleans,240:00,95.3,96.1,110.7,109.5,-15.4,-13.4,0.769,1.5,21.0,0.22,0.8,0.495,19.246,19.4,0.5,0.533,1.0,0.198,103.92,104.0,86.67,103,0.443,22017,2017-10-30,NOP vs. ORL,L,99
0021700097,1610612753,Magic,ORL,Orlando,240:00,110.7,109.5,95.3,96.1,15.4,13.4,0.628,1.59,19.7,0.2,0.78,0.505,16.359,16.2,0.6,0.619,1.0,0.198,103.92,104.0,86.67,105,0.557,22017,2017-10-30,ORL @ NOP,W,115
0021700098,1610612742,Mavericks,DAL,Dallas,240:00,92.9,93.7,108.8,110.6,-15.9,-17.0,0.5,0.71,14.0,0.302,0.778,0.545,25.042,25.3,0.526,0.55,1.0,0.198,95.72,94.5,78.75,95,0.385,22017,2017-10-30,DAL @ UTA,L,89
0021700098,1610612762,Jazz,UTA,Utah,240:00,108.8,110.6,92.9,93.7,15.9,17.0,0.658,1.79,19.7,0.222,0.698,0.455,14.644,14.9,0.568,0.594,1.0,0.201,95.72,94.5,78.75,94,0.615,22017,2017-10-30,UTA vs. DAL,W,104
0021700099,1610612757,Trail Blazers,POR,Portland,240:00,89.1,91.4,102.6,104.2,-13.5,-12.8,0.419,1.0,11.4,0.2,0.708,0.449,13.633,14.0,0.438,0.481,1.0,0.199,95.92,94.0,78.33,93,0.383,22017,2017-10-30,POR vs. TOR,L,85
0021700099,1610612761,Raptors,TOR,Toronto,240:00,102.6,104.2,89.1,91.4,13.5,12.8,0.436,1.7,14.0,0.292,0.8,0.551,10.365,10.5,0.494,0.524,1.0,0.197,95.92,94.0,78.33,95,0.617,22017,2017-10-30,TOR @ POR,W,99
0021700100,1610612746,Clippers,LAC,LA,240:00,108.4,108.7,140.7,135.6,-32.3,-26.9,0.538,1.5,15.6,0.292,0.634,0.449,13.436,13.5,0.512,0.57,1.0,0.198,102.2,104.0,86.67,104,0.359,22017,2017-10-30,LAC vs. GSW,L,113
0021700100,1610612744,Warriors,GSW,Golden State,240:00,140.7,135.6,108.4,108.7,32.3,26.9,0.712,3.08,24.5,0.366,0.708,0.551,11.976,11.5,0.663,0.69,1.0,0.201,102.2,104.0,86.67,104,0.641,22017,2017-10-30,GSW @ LAC,W,141
0021700126,1610612766,Hornets,CHA,Charlotte,240:00,101.5,101.0,104.4,108.0,-2.9,-7.0,0.485,1.33,12.7,0.259,0.787,0.505,12.063,12.0,0.463,0.513,1.0,0.201,101.46,100.0,83.33,100,0.43,22017,2017-11-03,CHA @ SAS,L,101
0021700126,1610612759,Spurs,SAS,San Antonio,240:00,104.4,108.0,101.5,101.0,2.9,7.0,0.795,1.94,21.9,0.213,0.741,0.495,15.468,16.0,0.524,0.572,1.0,0.194,101.46,100.0,83.33,100,0.57,22017,2017-11-03,SAS vs. CHA,W,108
0021700127,1610612748,Heat,MIA,Miami,240:00,97.1,98.9,100.0,101.1,-2.9,-2.1,0.639,1.0,18.0,0.279,0.694,0.5,23.751,24.2,0.565,0.574,1.0,0.198,95.92,94.5,78.75,95,0.512,22017,2017-11-03,MIA @ DEN,L,94
0021700127,1610612743,Nuggets,DEN,Denver,240:00,100.0,101.1,97.1,98.9,2.9,2.1,0.472,1.0,13.6,0.306,0.721,0.5,17.895,18.1,0.506,0.522,1.0,0.2,95.92,94.5,78.75,94,0.488,22017,2017-11-03,DEN vs. MIA,W,95
0021700128,1610612762,Jazz,UTA,Utah,240:00,105.8,106.4,114.4,113.5,-8.6,-7.2,0.314,0.79,9.5,0.239,0.778,0.476,14.805,14.9,0.488,0.552,1.0,0.199,94.94,95.0,79.17,94,0.408,22017,2017-11-03,UTA vs. TOR,L,100
0021700128,1610612761,Raptors,TOR,Toronto,240:00,114.4,113.5,105.8,106.4,8.6,7.2,0.526,1.18,16.6,0.222,0.761,0.524,17.835,17.7,0.613,0.654,1.0,0.195,94.94,95.0,79.17,96,0.592,22017,2017-11-03,TOR @ UTA,W,109
0021700129,1610612760,Thunder,OKC,Oklahoma City,240:00,99.8,100.0,106.8,107.4,-7.0,-7.4,0.571,1.67,16.0,0.245,0.725,0.481,12.744,12.8,0.477,0.505,1.0,0.2,94.36,94.0,78.33,94,0.458,22017,2017-11-03,OKC vs. BOS,L,94
0021700129,1610612738,Celtics,BOS,Boston,240:00,106.8,107.4,99.8,100.0,7.0,7.4,0.639,2.09,17.9,0.275,0.755,0.519,11.633,11.7,0.506,0.534,1.0,0.197,94.36,94.0,78.33,94,0.542,22017,2017-11-03,BOS @ OKC,W,101
0021700130,1610612751,Nets,BKN,Brooklyn,240:00,96.8,100.0,107.9,109.7,-11.2,-9.7,0.622,1.44,15.7,0.167,0.784,0.45,13.826,14.3,0.456,0.52,1.0,0.194,115.3,112.5,93.75,112,0.414,22017,2017-11-03,BKN @ LAL,L,112
0021700130,1610612747,Lakers,LAL,Los Angeles,240:00,107.9,109.7,96.8,100.0,11.2,9.7,0.542,1.63,17.6,0.216,0.833,0.55,13.928,14.2,0.559,0.586,1.0,0.199,115.3,112.5,93.75,113,0.586,22017,2017-11-03,LAL vs. BKN,W,124
0021700131,1610612746,Clippers,LAC,LA,240:00,109.9,113.0,115.8,120.2,-5.9,-7.2,0.474,1.38,14.1,0.375,0.63,0.5,13.736,14.1,0.482,0.538,1.0,0.202,96.1,93.0,77.5,92,0.468,22017,2017-11-04,LAC vs. MEM,L,104
0021700131,1610612763,Grizzlies,MEM,Memphis,240:00,115.8,120.2,109.9,113.0,5.9,7.2,0.525,1.75,16.5,0.37,0.625,0.5,12.3,12.8,0.554,0.598,1.0,0.199,96.1,93.0,77.5,94,0.532,22017,2017-11-04,MEM @ LAC,W,113
0021700132,1610612758,Kings,SAC,Sacramento,240:00,102.4,105.3,114.1,113.7,-11.7,-8.4,0.6,1.33,19.4,0.158,0.714,0.45,18.61,19.1,0.592,0.606,1.0,0.197,95.7,94.5,78.75,94,0.443,22017,2017-11-04,SAC @ DET,L,99
0021700132,1610612765,Pistons,DET,Detroit,240:00,114.1,113.7,102.4,105.3,11.7,8.4,0.7,2.0,21.4,0.286,0.842,0.55,14.787,14.7,0.589,0.609,1.0,0.203,95.7,94.5,78.75,95,0.557,22017,2017-11-04,DET vs. SAC,W,108
0021700133,1610612741,Bulls,CHI,Chicago,265:00,83.9,84.1,90.0,88.1,-6.1,-4.0,0.657,1.21,15.7,0.258,0.849,0.521,17.711,17.8,0.409,0.432,1.0,0.196,96.89,97.81,81.51,107,0.417,22017,2017-11-04,CHI vs. NOP,L,90
0021700133,1610612740,Pelicans,NOP,New Orleans,265:00,90.0,88.1,83.9,84.1,6.1,4.0,0.657,1.53,17.1,0.151,0.742,0.479,14.061,13.8,0.454,0.496,1.0,0.197,96.89,97.81,81.51,109,0.583,22017,2017-11-04,NOP @ CHI,W,96
0021700134,1610612742,Mavericks,DAL,Dallas,240:00,98.7,101.0,115.7,112.0,-17.0,-11.0,0.45,1.2,14.4,0.18,0.649,0.379,14.958,15.3,0.517,0.536,1.0,0.198,98.54,99.0,82.5,98,0.362,22017,2017-11-04,DAL @ MIN,L,99
0021700134,1610612750,Timberwolves,MIN,Minnesota,240:00,115.7,112.0,98.7,101.0,17.0,11.0,0.767,1.74,23.6,0.351,0.82,0.621,19.628,19.0,0.608,0.638,1.0,0.2,98.54,99.0,82.5,100,0.638,22017,2017-11-04,MIN vs. DAL,W,112
0021700135,1610612744,Warriors,GSW,Golden State,240:00,119.3,119.8,100.1,101.9,19.2,17.9,0.76,2.53,25.1,0.17,0.735,0.458,14.087,14.2,0.648,0.645,1.0,0.194,107.18,106.0,88.33,106,0.567,22017,2017-11-04,GSW @ DEN,W,127
0021700135,1610612743,Nuggets,DEN,Denver,240:00,100.1,101.9,119.3,119.8,-19.2,-17.9,0.65,1.44,18.2,0.265,0.83,0.542,16.685,17.0,0.494,0.546,1.0,0.197,107.18,106.0,88.33,106,0.433,22017,2017-11-04,DEN vs. GSW,L,108
0021700136,1610612737,Hawks,ATL,Atlanta,240:00,109.4,114.7,110.4,112.7,-1.1,2.0,0.585,1.41,16.9,0.32,0.648,0.49,15.894,16.7,0.541,0.579,1.0,0.198,105.54,102.0,85.0,102,0.505,22017,2017-11-05,ATL @ CLE,W,117
0021700136,1610612739,Cavaliers,CLE,Cleveland,240:00,110.4,112.7,109.4,114.7,1.1,-2.0,0.643,2.08,18.5,0.352,0.68,0.51,12.486,12.7,0.49,0.542,1.0,0.2,105.54,102.0,85.0,102,0.495,22017,2017-11-05,CLE vs. ATL,L,115
0021700137,1610612746,Clippers,LAC,LA,240:00,102.9,104.1,105.7,106.1,-2.9,-2.0,0.471,1.0,12.1,0.382,0.729,0.544,16.293,16.5,0.443,0.504,1.0,0.2,98.28,97.5,81.25,97,0.474,22017,2017-11-05,LAC vs. MIA,L,101
0021700137,1610612748,Heat,MIA,Miami,240:00,105.7,106.1,102.9,104.1,2.9,2.0,0.622,1.44,17.5,0.271,0.618,0.456,16.267,16.3,0.524,0.563,1.0,0.199,98.28,97.5,81.25,98,0.526,22017,2017-11-05,MIA @ LAC,W,104
0021700138,1610612738,Celtics,BOS,Boston,240:00,101.2,104.0,86.3,88.0,14.8,16.0,0.667,1.86,18.9,0.264,0.783,0.54,13.619,14.0,0.5,0.532,1.0,0.197,102.36,100.0,83.33,100,0.625,22017,2017-11-05,BOS @ ORL,W,104
0021700138,1610612753,Magic,ORL,Orlando,240:00,86.3,88.0,101.2,104.0,-14.8,-16.0,0.545,1.38,13.9,0.217,0.736,0.46,12.755,13.0,0.396,0.445,1.0,0.197,102.36,100.0,83.33,100,0.375,22017,2017-11-05,ORL vs. BOS,L,88
0021700139,1610612764,Wizards,WAS,Washington,240:00,105.8,109.2,100.1,99.0,5.7,10.2,0.475,1.12,14.5,0.362,0.813,0.589,16.812,17.3,0.535,0.562,1.0,0.2,98.5,97.5,81.25,98,0.556,22017,2017-11-05,WAS @ TOR,W,107
0021700139,1610612761,Raptors,TOR,Toronto,240:00,100.1,99.0,105.8,109.2,-5.7,-10.2,0.459,1.31,13.9,0.188,0.638,0.411,13.559,13.4,0.494,0.522,1.0,0.2,98.5,97.5,81.25,97,0.444,22017,2017-11-05,TOR vs. WAS,L,96
0021700140,1610612762,Jazz,UTA,Utah,240:00,106.2,108.9,130.2,134.3,-24.0,-25.4,0.579,1.69,16.5,0.22,0.771,0.447,12.553,12.9,0.506,0.558,1.0,0.199,104.4,101.5,84.58,101,0.388,22017,2017-11-05,UTA @ HOU,L,110
0021700140,1610612745,Rockets,HOU,Houston,240:00,130.2,134.3,106.2,108.9,24.0,25.4,0.542,1.3,19.1,0.229,0.78,0.553,19.004,19.6,0.735,0.759,1.0,0.198,104.4,101.5,84.58,102,0.612,22017,2017-11-05,HOU vs. UTA,W,137
0021700141,1610612756,Suns,PHX,Phoenix,240:00,97.3,97.9,114.4,114.3,-17.1,-16.3,0.622,1.28,17.5,0.271,0.745,0.505,18.428,18.6,0.506,0.524,1.0,0.201,97.8,97.5,81.25,97,0.425,22017,2017-11-05,PHX @ SAS,L,95
0021700141,1610612759,Spurs,SAS,San Antonio,240:00,114.4,114.3,97.3,97.9,17.1,16.3,0.477,2.1,16.5,0.255,0.729,0.495,10.212,10.2,0.563,0.584,1.0,0.2,97.8,97.5,81.25,98,0.575,22017,2017-11-05,SAS vs. PHX,W,112
0021700142,1610612754,Pacers,IND,Indiana,240:00,106.9,106.3,112.1,114.9,-5.2,-8.6,0.649,2.0,19.6,0.14,0.739,0.449,12.701,12.6,0.544,0.584,1.0,0.197,95.42,94.5,78.75,95,0.473,22017,2017-11-05,IND @ NYK,L,101
0021700142,1610612752,Knicks,NYK,New York,240:00,112.1,114.9,106.9,106.3,5.2,8.6,0.545,2.0,18.1,0.261,0.86,0.551,12.453,12.8,0.534,0.56,1.0,0.197,95.42,94.5,78.75,94,0.527,22017,2017-11-05,NYK vs. IND,W,108
0021700143,1610612766,Hornets,CHA,Charlotte,240:00,94.7,94.9,111.8,113.1,-17.1,-18.2,0.649,2.18,18.0,0.224,0.681,0.429,11.084,11.1,0.466,0.478,1.0,0.201,99.72,99.0,82.5,99,0.391,22017,2017-11-05,CHA @ MIN,L,94
0021700143,1610612750,Timberwolves,MIN,Minnesota,240:00,111.8,113.1,94.7,94.9,17.1,18.2,0.526,1.25,15.1,0.319,0.776,0.571,15.968,16.2,0.518,0.582,1.0,0.2,99.72,99.0,82.5,99,0.609,22017,2017-11-05,MIN vs. CHA,W,112
0021700144,1610612760,Thunder,OKC,Oklahoma City,240:00,98.4,97.1,100.7,101.0,-2.3,-3.9,0.425,1.55,13.8,0.196,0.763,0.438,10.934,10.8,0.511,0.518,1.0,0.201,101.46,102.0,85.0,102,0.42,22017,2017-11-05,OKC @ POR,L,99
0021700144,1610612757,Trail Blazers,POR,Portland,240:00,100.7,101.0,98.4,97.1,2.3,3.9,0.541,0.87,15.5,0.237,0.804,0.562,22.478,22.5,0.547,0.597,1.0,0.192,101.46,102.0,85.0,102,0.58,22017,2017-11-05,POR vs. OKC,W,103
0021700145,1610612763,Grizzlies,MEM,Memphis,240:00,102.9,102.0,100.8,109.2,2.0,-7.2,0.575,1.92,17.9,0.167,0.714,0.443,12.102,12.0,0.523,0.547,1.0,0.198,102.64,99.0,82.5,100,0.474,22017,2017-11-05,MEM @ LAL,L,102
0021700145,1610612747,Lakers,LAL,Los Angeles,240:00,100.8,109.2,102.9,102.0,-2.0,7.2,0.625,1.32,18.0,0.286,0.833,0.557,17.904,19.4,0.524,0.562,1.0,0.191,102.64,99.0,82.5,98,0.526,22017,2017-11-05,LAL vs. MEM,W,107
0021700146,1610612737,Hawks,ATL,Atlanta,240:00,108.3,110.3,112.6,114.6,-4.3,-4.3,0.615,1.71,18.8,0.2,0.727,0.461,14.17,14.4,0.562,0.596,1.0,0.198,98.24,96.5,80.42,97,0.481,22017,2017-11-06,ATL vs. BOS,L,107
0021700146,1610612738,Celtics,BOS,Boston,240:00,112.6,114.6,108.3,110.3,4.3,4.3,0.718,2.0,21.1,0.273,0.8,0.539,14.333,14.6,0.568,0.607,1.0,0.199,98.24,96.5,80.42,96,0.519,22017,2017-11-06,BOS @ ATL,W,110
0021700147,1610612751,Nets,BKN,Brooklyn,240:00,93.5,92.5,88.1,87.6,5.4,4.8,0.571,1.25,14.7,0.268,0.695,0.487,15.273,15.1,0.448,0.491,1.0,0.2,104.58,105.5,87.92,106,0.565,22017,2017-11-06,BKN @ PHX,W,98
0021700147,1610612756,Suns,PHX,Phoenix,240:00,88.1,87.6,93.5,92.5,-5.4,-4.8,0.433,0.76,9.9,0.305,0.732,0.513,16.284,16.2,0.384,0.454,1.0,0.201,104.58,105.5,87.92,105,0.435,22017,2017-11-06,PHX vs. BKN,L,92
0021700148,1610612748,Heat,MIA,Miami,240:00,75.1,76.9,97.4,95.1,-22.3,-18.2,0.633,0.83,14.3,0.25,0.727,0.486,21.6,22.1,0.41,0.442,1.0,0.19,103.02,103.0,85.83,104,0.376,22017,2017-11-06,MIA @ GSW,L,80
0021700148,1610612744,Warriors,GSW,Golden State,240:00,97.4,95.1,75.1,76.9,22.3,18.2,0.625,1.33,15.1,0.273,0.75,0.514,15.066,14.7,0.431,0.497,1.0,0.199,103.02,103.0,85.83,102,0.624,22017,2017-11-06,GSW vs. MIA,W,97
0021700149,1610612739,Cavaliers,CLE,Cleveland,240:00,124.3,126.5,121.4,120.2,3.0,6.3,0.439,1.38,13.9,0.356,0.744,0.536,13.037,13.3,0.555,0.628,1.0,0.201,98.88,98.5,82.08,98,0.514,22017,2017-11-07,CLE vs. MIL,W,124
0021700149,1610612749,Bucks,MIL,Milwaukee,240:00,121.4,120.2,124.3,126.5,-3.0,-6.3,0.617,1.81,21.5,0.256,0.644,0.464,16.32,16.2,0.645,0.661,1.0,0.2,98.88,98.5,82.08,99,0.486,22017,2017-11-07,MIL @ CLE,L,119
0021700150,1610612740,Pelicans,NOP,New Orleans,240:00,118.6,118.2,111.0,114.3,7.6,3.9,0.523,1.77,17.3,0.319,0.686,0.51,13.174,13.1,0.586,0.605,1.0,0.199,99.8,98.5,82.08,99,0.543,22017,2017-11-07,NOP @ IND,W,117
0021700150,1610612754,Pacers,IND,Indiana,240:00,111.0,114.3,118.6,118.2,-7.6,-3.9,0.432,1.73,14.5,0.314,0.681,0.49,10.9,11.2,0.522,0.555,1.0,0.198,99.8,98.5,82.08,98,0.457,22017,2017-11-07,IND vs. NOP,L,112
0021700176,1610612757,Trail Blazers,POR,Portland,240:00,98.1,98.0,102.7,102.0,-4.5,-4.0,0.425,1.55,13.3,0.255,0.789,0.527,11.129,11.1,0.463,0.486,1.0,0.198,98.6,99.0,82.5,99,0.456,22017,2017-11-10,POR vs. BKN,L,97
0021700176,1610612751,Nets,BKN,Brooklyn,240:00,102.7,102.0,98.1,98.0,4.5,4.0,0.641,2.5,18.6,0.211,0.745,0.473,10.167,10.1,0.495,0.508,1.0,0.199,98.6,99.0,82.5,99,0.544,22017,2017-11-10,BKN @ POR,W,101
0021700177,1610612764,Wizards,WAS,Washington,240:00,110.4,113.0,90.0,94.9,20.5,18.1,0.524,0.96,16.3,0.375,0.692,0.554,22.478,23.0,0.583,0.626,1.0,0.198,103.4,99.5,82.92,100,0.672,22017,2017-11-11,WAS vs. ATL,W,113
0021700177,1610612737,Hawks,ATL,Atlanta,240:00,90.0,94.9,110.4,113.0,-20.5,-18.1,0.559,0.79,14.2,0.308,0.625,0.446,22.971,24.2,0.494,0.519,1.0,0.199,103.4,99.5,82.92,99,0.328,22017,2017-11-11,ATL @ WAS,L,94
0021700178,1610612746,Clippers,LAC,LA,240:00,101.1,99.0,105.2,106.7,-4.1,-7.7,0.457,1.33,12.7,0.17,0.75,0.419,11.779,11.5,0.465,0.526,1.0,0.198,103.72,104.0,86.67,104,0.403,22017,2017-11-11,LAC @ NOP,L,103
0021700178,1610612740,Pelicans,NOP,New Orleans,240:00,105.2,106.7,101.1,99.0,4.1,7.7,0.605,1.13,18.6,0.25,0.83,0.581,21.789,22.1,0.575,0.613,1.0,0.195,103.72,104.0,86.67,104,0.597,22017,2017-11-11,NOP vs. LAC,W,111
0021700179,1610612752,Knicks,NYK,New York,240:00,118.5,120.4,95.6,93.8,22.9,26.6,0.617,2.64,21.2,0.261,0.76,0.521,11.044,11.2,0.589,0.611,1.0,0.197,97.4,97.5,81.25,98,0.626,22017,2017-11-11,NYK vs. SAC,W,118
0021700179,1610612758,Kings,SAC,Sacramento,240:00,95.6,93.8,118.5,120.4,-22.9,-26.6,0.633,1.46,15.2,0.24,0.739,0.479,13.655,13.4,0.419,0.488,1.0,0.202,97.4,97.5,81.25,97,0.374,22017,2017-11-11,SAC @ NYK,L,91
0021700180,1610612745,Rockets,HOU,Houston,240:00,111.8,109.9,94.2,94.1,17.6,15.8,0.486,1.2,14.0,0.229,0.818,0.511,15.103,14.9,0.542,0.582,1.0,0.199,100.62,101.5,84.58,101,0.54,22017,2017-11-11,HOU vs. MEM,W,111
0021700180,1610612763,Grizzlies,MEM,Memphis,240:00,94.2,94.1,111.8,109.9,-17.6,-15.8,0.605,1.15,17.7,0.182,0.771,0.489,19.623,19.6,0.519,0.552,1.0,0.198,100.62,101.5,84.58,102,0.46,22017,2017-11-11,MEM @ HOU,L,96
0021700181,1610612739,Cavaliers,CLE,Cleveland,240:00,107.4,105.7,100.7,99.0,6.6,6.7,0.514,1.06,13.7,0.25,0.818,0.553,16.441,16.2,0.506,0.576,1.0,0.203,103.32,105.0,87.5,105,0.567,22017,2017-11-11,CLE @ DAL,W,111
0021700181,1610612742,Mavericks,DAL,Dallas,240:00,100.7,99.0,107.4,105.7,-6.6,-6.7,0.538,1.91,15.8,0.182,0.75,0.447,10.655,10.5,0.478,0.514,1.0,0.2,103.32,105.0,87.5,105,0.433,22017,2017-11-11,DAL vs. CLE,L,104
0021700182,1610612749,Bucks,MIL,Milwaukee,240:00,94.7,97.0,85.5,89.1,9.3,7.9,0.457,1.0,12.5,0.222,0.7,0.452,15.468,15.8,0.447,0.508,1.0,0.192,104.36,101.0,84.17,101,0.515,22017,2017-11-11,MIL vs. LAL,W,98
0021700182,1610612747,Lakers,LAL,Los Angeles,240:00,85.5,89.1,94.7,97.0,-9.3,-7.9,0.677,0.91,15.6,0.3,0.778,0.548,21.847,22.8,0.459,0.498,1.0,0.198,104.36,101.0,84.17,101,0.485,22017,2017-11-11,LAL @ MIL,L,90
0021700183,1610612759,Spurs,SAS,San Antonio,240:00,135.7,135.7,94.3,94.9,41.4,40.8,0.647,2.36,23.7,0.257,0.84,0.6,14.28,14.3,0.706,0.723,1.0,0.198,98.88,98.5,82.08,98,0.667,22017,2017-11-11,SAS vs. CHI,W,133
0021700183,1610612741,Bulls,CHI,Chicago,240:00,94.3,94.9,135.7,135.7,-41.4,-40.8,0.55,1.69,17.4,0.16,0.743,0.4,13.037,13.1,0.5,0.512,1.0,0.199,98.88,98.5,82.08,99,0.333,22017,2017-11-11,CHI @ SAS,L,94
0021700184,1610612744,Warriors,GSW,Golden State,240:00,121.1,122.7,103.8,103.6,17.3,19.1,0.646,1.41,21.2,0.2,0.75,0.529,19.742,20.0,0.671,0.722,1.0,0.198,110.62,110.0,91.67,110,0.611,22017,2017-11-11,GSW vs. PHI,W,135
0021700184,1610612755,76ers,PHI,Philadelphia,240:00,103.8,103.6,121.1,122.7,-17.3,-19.1,0.682,1.5,19.6,0.25,0.8,0.471,18.215,18.2,0.532,0.554,1.0,0.197,110.62,110.0,91.67,110,0.389,22017,2017-11-11,PHI @ GSW,L,114
0021700185,1610612753,Magic,ORL,Orlando,240:00,107.2,107.0,126.4,126.3,-19.2,-19.3,0.585,2.0,18.2,0.204,0.667,0.426,12.024,12.0,0.534,0.558,1.0,0.197,99.34,99.5,82.92,100,0.403,22017,2017-11-11,ORL @ DEN,L,107
0021700185,1610612743,Nuggets,DEN,Denver,240:00,126.4,126.3,107.2,107.0,19.2,19.3,0.63,2.23,20.6,0.333,0.796,0.574,13.147,13.1,0.598,0.632,1.0,0.198,99.34,99.5,82.92,99,0.597,22017,2017-11-11,DEN vs. ORL,W,125
0021700186,1610612750,Timberwolves,MIN,Minnesota,240:00,106.4,104.8,109.7,112.4,-3.3,-7.6,0.41,1.45,11.6,0.333,0.738,0.5,10.638,10.5,0.427,0.494,1.0,0.201,105.48,105.0,87.5,105,0.45,22017,2017-11-11,MIN @ PHX,L,110
0021700186,1610612756,Suns,PHX,Phoenix,240:00,109.7,112.4,106.4,104.8,3.3,7.6,0.457,1.17,15.5,0.262,0.667,0.5,16.735,17.1,0.593,0.611,1.0,0.199,105.48,105.0,87.5,105,0.55,22017,2017-11-11,PHX vs. MIN,W,118
0021700187,1610612762,Jazz,UTA,Utah,240:00,114.0,111.8,105.8,102.9,8.2,8.9,0.463,1.19,14.5,0.261,0.771,0.521,16.0,15.7,0.547,0.594,1.0,0.2,100.08,102.5,85.42,102,0.553,22017,2017-11-11,UTA vs. BKN,W,114
0021700187,1610612751,Nets,BKN,Brooklyn,240:00,105.8,102.9,114.0,111.8,-8.2,-8.9,0.371,0.76,10.6,0.229,0.739,0.479,16.973,16.5,0.507,0.569,1.0,0.2,100.08,102.5,85.42,103,0.447,22017,2017-11-11,BKN @ UTA,L,106
0021700188,1610612738,Celtics,BOS,Boston,240:00,99.6,103.3,104.3,101.1,-4.7,2.2,0.686,1.6,17.9,0.377,0.821,0.565,15.73,16.3,0.46,0.498,1.0,0.198,92.74,92.5,77.08,92,0.495,22017,2017-11-12,BOS vs. TOR,W,95
0021700188,1610612761,Raptors,TOR,Toronto,240:00,104.3,101.1,99.6,103.3,4.7,-2.2,0.563,1.06,15.8,0.179,0.623,0.435,18.864,18.3,0.536,0.594,1.0,0.2,92.74,92.5,77.08,93,0.505,22017,2017-11-12,TOR @ BOS,L,94
0021700189,1610612748,Heat,MIA,Miami,240:00,104.0,107.3,114.5,114.3,-10.5,-7.0,0.641,2.78,19.1,0.17,0.714,0.431,9.087,9.4,0.506,0.531,1.0,0.198,98.42,97.0,80.83,96,0.449,22017,2017-11-12,MIA @ DET,L,103
0021700189,1610612765,Pistons,DET,Detroit,240:00,114.5,114.3,104.0,107.3,10.5,7.0,0.571,1.85,18.1,0.286,0.83,0.569,13.292,13.3,0.563,0.585,1.0,0.199,98.42,97.0,80.83,98,0.551,22017,2017-11-12,DET vs. MIA,W,112
0021700190,1610612745,Rockets,HOU,Houston,240:00,116.9,120.4,96.7,96.9,20.2,23.5,0.558,1.85,17.8,0.306,0.787,0.542,12.881,13.3,0.572,0.603,1.0,0.2,99.58,98.0,81.67,98,0.596,22017,2017-11-12,HOU @ IND,W,118
0021700190,1610612754,Pacers,IND,Indiana,240:00,96.7,96.9,116.9,120.4,-20.2,-23.5,0.486,1.38,14.6,0.213,0.694,0.458,13.233,13.3,0.494,0.515,1.0,0.201,99.58,98.0,81.67,98,0.404,22017,2017-11-12,IND vs. HOU,L,95
0021700191,1610612742,Mavericks,DAL,Dallas,240:00,95.3,98.0,111.4,113.1,-16.2,-15.1,0.486,0.9,13.5,0.308,0.895,0.556,19.246,19.8,0.489,0.521,1.0,0.198,102.22,100.0,83.33,101,0.419,22017,2017-11-12,DAL @ OKC,L,99
0021700191,1610612760,Thunder,OKC,Oklahoma City,240:00,111.4,113.1,95.3,98.0,16.2,15.1,0.583,1.24,16.9,0.105,0.692,0.444,16.912,17.2,0.604,0.647,1.0,0.195,102.22,100.0,83.33,99,0.581,22017,2017-11-12,OKC vs. DAL,W,112
0021700192,1610612764,Wizards,WAS,Washington,240:00,119.2,118.3,100.1,101.1,19.1,17.2,0.682,2.73,22.7,0.31,0.774,0.568,11.92,11.8,0.576,0.603,1.0,0.197,92.1,92.0,76.67,93,0.627,22017,2017-11-13,WAS vs. SAC,W,110
0021700192,1610612758,Kings,SAC,Sacramento,240:00,100.1,101.1,119.2,118.3,-19.1,-17.2,0.559,1.9,15.7,0.226,0.69,0.432,10.879,11.0,0.476,0.5,1.0,0.2,92.1,92.0,76.67,91,0.373,22017,2017-11-13,SAC @ WAS,L,92
0021700193,1610612739,Cavaliers,CLE,Cleveland,240:00,100.3,103.0,99.3,99.0,1.0,4.0,0.6,1.05,15.1,0.327,0.692,0.505,19.29,19.8,0.489,0.532,1.0,0.199,102.68,101.5,84.58,101,0.483,22017,2017-11-13,CLE @ NYK,W,104
0021700193,1610612752,Knicks,NYK,New York,240:00,99.3,99.0,100.3,103.0,-1.0,-4.0,0.5,1.12,14.2,0.308,0.673,0.495,16.719,16.7,0.477,0.517,1.0,0.201,102.68,101.5,84.58,102,0.517,22017,2017-11-13,NYK vs. CLE,L,101
0021700194,1610612763,Grizzlies,MEM,Memphis,240:00,111.7,113.2,117.0,119.6,-5.4,-6.4,0.568,1.4,17.3,0.256,0.682,0.482,16.262,16.5,0.559,0.604,1.0,0.2,93.12,91.5,76.25,91,0.463,22017,2017-11-13,MEM @ MIL,L,103
0021700194,1610612749,Bucks,MIL,Milwaukee,240:00,117.0,119.6,111.7,113.2,5.4,6.4,0.575,2.09,18.1,0.318,0.744,0.518,11.702,12.0,0.561,0.591,1.0,0.196,93.12,91.5,76.25,92,0.537,22017,2017-11-13,MIL vs. MEM,W,110
0021700195,1610612740,Pelicans,NOP,New Orleans,240:00,112.2,112.8,108.3,111.7,3.9,1.1,0.756,1.63,23.4,0.278,0.681,0.506,20.11,20.2,0.633,0.643,1.0,0.201,95.72,94.0,78.33,94,0.545,22017,2017-11-13,NOP vs. ATL,W,106
0021700195,1610612737,Hawks,ATL,Atlanta,240:00,108.3,111.7,112.2,112.8,-3.9,-1.1,0.625,1.56,18.9,0.319,0.722,0.494,16.502,17.0,0.557,0.577,1.0,0.2,95.72,94.0,78.33,94,0.455,22017,2017-11-13,ATL @ NOP,L,105
0021700196,1610612747,Lakers,LAL,Los Angeles,240:00,95.5,95.2,84.7,88.6,10.8,6.7,0.436,1.06,13.0,0.196,0.71,0.466,15.279,15.2,0.5,0.512,1.0,0.2,107.26,105.0,87.5,105,0.555,22017,2017-11-13,LAL @ PHX,W,100
0021700196,1610612756,Suns,PHX,Phoenix,240:00,84.7,88.6,95.5,95.2,-10.8,-6.7,0.405,0.88,11.0,0.29,0.804,0.534,15.483,16.2,0.426,0.448,1.0,0.197,107.26,105.0,87.5,105,0.445,22017,2017-11-13,PHX vs. LAL,L,93
0021700197,1610612762,Jazz,UTA,Utah,240:00,102.3,103.2,113.8,114.7,-11.6,-11.6,0.622,1.53,18.1,0.208,0.771,0.446,15.651,15.8,0.524,0.552,1.0,0.198,95.8,95.0,79.17,95,0.391,22017,2017-11-13,UTA vs. MIN,L,98
0021700197,1610612750,Timberwolves,MIN,Minnesota,240:00,113.8,114.7,102.3,103.2,11.6,11.6,0.595,1.29,17.9,0.229,0.792,0.554,17.753,17.9,0.592,0.651,1.0,0.197,95.8,95.0,79.17,95,0.609,22017,2017-11-13,MIN @ UTA,W,109
0021700198,1610612743,Nuggets,DEN,Denver,240:00,83.2,85.4,104.3,103.1,-21.1,-17.7,0.433,0.65,10.5,0.327,0.722,0.484,20.284,20.8,0.411,0.453,1.0,0.201,96.76,96.0,80.0,96,0.301,22017,2017-11-13,DEN @ POR,L,82
0021700198,1610612757,Trail Blazers,POR,Portland,240:00,104.3,103.1,83.2,85.4,21.1,17.7,0.579,1.0,17.6,0.278,0.673,0.516,23.177,22.9,0.568,0.612,1.0,0.198,96.76,96.0,80.0,96,0.699,22017,2017-11-13,POR vs. DEN,W,99
0021700199,1610612753,Magic,ORL,Orlando,240:00,97.2,99.0,111.1,108.9,-13.9,-9.9,0.703,2.36,19.6,0.173,0.717,0.429,10.688,10.9,0.477,0.521,1.0,0.2,100.98,101.0,84.17,101,0.44,22017,2017-11-13,ORL @ GSW,L,100
0021700199,1610612744,Warriors,GSW,Golden State,240:00,111.1,108.9,97.2,99.0,13.9,9.9,0.795,2.19,24.0,0.283,0.827,0.571,16.155,15.8,0.545,0.579,1.0,0.2,100.98,101.0,84.17,101,0.56,22017,2017-11-13,GSW vs. ORL,W,110
0021700200,1610612755,76ers,PHI,Philadelphia,240:00,106.4,107.9,102.9,105.0,3.6,2.9,0.711,1.35,19.4,0.372,0.778,0.598,19.531,19.8,0.539,0.59,1.0,0.201,102.24,100.5,83.75,101,0.611,22017,2017-11-13,PHI @ LAC,W,109
0021700200,1610612746,Clippers,LAC,LA,240:00,102.9,105.0,106.4,107.9,-3.6,-2.9,0.444,1.07,12.6,0.222,0.628,0.402,14.694,15.0,0.512,0.546,1.0,0.198,102.24,100.5,83.75,100,0.389,22017,2017-11-13,LAC vs. PHI,L,105
0021700026,1610612756,Suns,PHX,Phoenix,240:00,110.4,108.3,109.5,110.0,0.9,-1.7,0.378,0.89,11.7,0.231,0.827,0.529,16.14,15.8,0.565,0.598,1.0,0.2,119.12,120.0,100.0,120,0.504,22017,2017-10-20,PHX vs. LAL,L,130
0021700026,1610612747,Lakers,LAL,Los Angeles,240:00,109.5,110.0,110.4,108.3,-0.9,1.7,0.458,1.22,14.9,0.173,0.769,0.471,14.935,15.0,0.581,0.614,1.0,0.196,119.12,120.0,100.0,120,0.496,22017,2017-10-20,LAL @ PHX,W,132
0021700027,1610612761,Raptors,TOR,Toronto,240:00,116.1,116.4,85.6,86.2,30.5,30.1,0.548,1.77,16.3,0.24,0.772,0.523,11.788,11.8,0.545,0.608,1.0,0.2,110.06,109.5,91.25,110,0.711,22017,2017-10-21,TOR vs. PHI,W,128
0021700027,1610612755,76ers,PHI,Philadelphia,240:00,85.6,86.2,116.1,116.4,-30.5,-30.1,0.563,0.9,13.3,0.228,0.76,0.477,18.208,18.3,0.439,0.48,1.0,0.204,110.06,109.5,91.25,109,0.289,22017,2017-10-21,PHI @ TOR,L,94
0021700028,1610612739,Cavaliers,CLE,Cleveland,240:00,90.4,93.9,115.4,115.2,-25.0,-21.2,0.455,0.94,11.6,0.298,0.7,0.486,15.552,16.2,0.424,0.475,1.0,0.2,100.84,99.0,82.5,99,0.383,22017,2017-10-21,CLE vs. ORL,L,93
0021700028,1610612753,Magic,ORL,Orlando,240:00,115.4,115.2,90.4,93.9,25.0,21.2,0.7,2.33,20.2,0.3,0.702,0.514,12.146,12.1,0.539,0.577,1.0,0.202,100.84,99.0,82.5,99,0.617,22017,2017-10-21,ORL @ CLE,W,114
0021700029,1610612754,Pacers,IND,Indiana,240:00,105.6,111.3,110.7,114.3,-5.1,-2.9,0.419,1.8,13.5,0.31,0.761,0.51,9.781,10.3,0.484,0.513,1.0,0.198,101.7,97.5,81.25,97,0.449,22017,2017-10-21,IND @ MIA,L,108
0021700029,1610612748,Heat,MIA,Miami,240:00,110.7,114.3,105.6,111.3,5.1,2.9,0.533,1.71,18.3,0.239,0.69,0.49,13.839,14.3,0.598,0.601,1.0,0.198,101.7,97.5,81.25,98,0.551,22017,2017-10-21,MIA vs. IND,W,112
0021700030,1610612752,Knicks,NYK,New York,240:00,110.7,112.6,116.1,118.1,-5.4,-5.5,0.541,1.43,15.5,0.37,0.638,0.505,14.487,14.7,0.506,0.565,1.0,0.195,96.12,94.5,78.75,95,0.484,22017,2017-10-21,NYK vs. DET,L,107
0021700030,1610612765,Pistons,DET,Detroit,240:00,116.1,118.1,110.7,112.6,5.4,5.5,0.477,1.62,16.0,0.362,0.63,0.495,13.598,13.8,0.533,0.569,1.0,0.195,96.12,94.5,78.75,94,0.516,22017,2017-10-21,DET @ NYK,W,111
0021700031,1610612759,Spurs,SAS,San Antonio,240:00,89.7,91.6,78.6,81.1,11.1,10.5,0.658,2.27,18.4,0.31,0.792,0.541,11.336,11.6,0.414,0.435,1.0,0.2,97.5,95.0,79.17,95,0.588,22017,2017-10-21,SAS @ CHI,W,87
0021700031,1610612741,Bulls,CHI,Chicago,240:00,78.6,81.1,89.7,91.6,-11.1,-10.5,0.581,0.9,14.5,0.208,0.69,0.459,20.416,21.1,0.427,0.448,1.0,0.196,97.5,95.0,79.17,95,0.412,22017,2017-10-21,CHI vs. SAS,L,77
0021700032,1610612745,Rockets,HOU,Houston,240:00,108.4,108.1,91.7,91.9,16.7,16.2,0.436,1.13,13.7,0.178,0.842,0.549,15.201,15.2,0.543,0.584,1.0,0.191,98.96,99.0,82.5,99,0.622,22017,2017-10-21,HOU vs. DAL,W,107
0021700032,1610612742,Mavericks,DAL,Dallas,240:00,91.7,91.9,108.4,108.1,-16.7,-16.2,0.613,1.36,15.1,0.158,0.822,0.451,14.107,14.1,0.446,0.488,1.0,0.198,98.96,99.0,82.5,99,0.378,22017,2017-10-21,DAL @ HOU,L,91
0021700033,1610612763,Grizzlies,MEM,Memphis,240:00,109.6,111.0,100.1,100.0,9.5,11.0,0.556,1.43,15.7,0.178,0.698,0.459,13.823,14.0,0.532,0.595,1.0,0.199,101.08,100.5,83.75,100,0.547,22017,2017-10-21,MEM vs. GSW,W,111
0021700033,1610612744,Warriors,GSW,Golden State,240:00,100.1,100.0,109.6,111.0,-9.5,-11.0,0.606,1.18,15.1,0.302,0.822,0.541,16.852,16.8,0.464,0.527,1.0,0.202,101.08,100.5,83.75,101,0.453,22017,2017-10-21,GSW @ MEM,L,101
0021700034,1610612749,Bucks,MIL,Milwaukee,240:00,112.8,115.3,110.7,111.1,2.1,4.2,0.524,1.57,17.0,0.244,0.604,0.438,13.972,14.3,0.569,0.606,1.0,0.2,99.8,98.5,82.08,98,0.524,22017,2017-10-21,MIL vs. POR,W,113
0021700034,1610612757,Trail Blazers,POR,Portland,240:00,110.7,111.1,112.8,115.3,-2.1,-4.2,0.529,1.13,13.8,0.396,0.756,0.562,16.097,16.2,0.488,0.571,1.0,0.203,99.8,98.5,82.08,99,0.476,22017,2017-10-21,POR @ MIL,L,110
0021700035,1610612758,Kings,SAC,Sacramento,240:00,85.2,84.9,104.6,103.2,-19.4,-18.3,0.484,1.07,12.5,0.25,0.608,0.421,15.099,15.1,0.412,0.435,1.0,0.197,92.26,93.0,77.5,93,0.323,22017,2017-10-21,SAC @ DEN,L,79
0021700035,1610612743,Nuggets,DEN,Denver,240:00,104.6,103.2,85.2,84.9,19.4,18.3,0.676,1.56,18.5,0.392,0.75,0.579,17.429,17.2,0.494,0.512,1.0,0.2,92.26,93.0,77.5,93,0.677,22017,2017-10-21,DEN vs. SAC,W,96
0021700036,1610612760,Thunder,OKC,Oklahoma City,240:00,91.2,94.6,100.9,104.3,-9.6,-9.8,0.469,0.88,12.7,0.271,0.78,0.506,17.827,18.5,0.481,0.504,1.0,0.201,95.26,92.0,76.67,92,0.433,22017,2017-10-21,OKC @ UTA,L,87
0021700036,1610612762,Jazz,UTA,Utah,240:00,100.9,104.3,91.2,94.6,9.6,9.8,0.579,1.16,17.7,0.22,0.729,0.494,19.966,20.7,0.552,0.577,1.0,0.194,95.26,92.0,76.67,92,0.567,22017,2017-10-21,UTA vs. OKC,W,96
0021700037,1610612746,Clippers,LAC,LA,240:00,126.0,123.8,84.8,84.6,41.1,39.2,0.542,2.17,18.7,0.267,0.875,0.581,11.628,11.4,0.614,0.642,1.0,0.201,103.46,104.5,87.08,105,0.715,22017,2017-10-21,LAC vs. PHX,W,130
0021700037,1610612756,Suns,PHX,Phoenix,240:00,84.8,84.6,126.0,123.8,-41.1,-39.2,0.704,0.95,15.0,0.125,0.733,0.419,19.283,19.2,0.423,0.502,1.0,0.201,103.46,104.5,87.08,104,0.285,22017,2017-10-21,PHX @ LAC,L,88
0021700038,1610612751,Nets,BKN,Brooklyn,240:00,108.5,108.4,94.7,98.1,13.8,10.3,0.659,1.5,18.4,0.327,0.656,0.509,16.829,16.8,0.534,0.569,1.0,0.198,108.4,106.5,88.75,107,0.606,22017,2017-10-22,BKN vs. ATL,W,116
0021700038,1610612737,Hawks,ATL,Atlanta,240:00,94.7,98.1,108.5,108.4,-13.8,-10.3,0.656,1.31,14.3,0.344,0.673,0.491,14.567,15.1,0.378,0.473,1.0,0.2,108.4,106.5,88.75,106,0.394,22017,2017-10-22,ATL @ BKN,L,104
0021700039,1610612750,Timberwolves,MIN,Minnesota,240:00,110.4,112.7,107.6,111.9,2.9,0.9,0.581,1.39,18.0,0.364,0.736,0.567,17.288,17.6,0.558,0.598,1.0,0.2,104.58,101.5,84.58,102,0.525,22017,2017-10-22,MIN @ OKC,W,115
0021700039,1610612760,Thunder,OKC,Oklahoma City,240:00,107.6,111.9,110.4,112.7,-2.9,-0.9,0.565,2.36,18.6,0.264,0.636,0.433,10.472,10.9,0.536,0.548,1.0,0.198,104.58,101.5,84.58,101,0.475,22017,2017-10-22,OKC vs. MIN,L,113
0021700040,1610612747,Lakers,LAL,Los Angeles,240:00,104.9,105.7,114.2,111.2,-9.3,-5.6,0.614,1.59,18.9,0.22,0.816,0.477,15.918,16.0,0.539,0.567,1.0,0.199,105.52,106.5,88.75,106,0.429,22017,2017-10-22,LAL vs. NOP,L,112
0021700040,1610612740,Pelicans,NOP,New Orleans,240:00,114.2,111.2,104.9,105.7,9.3,5.6,0.553,1.44,19.1,0.184,0.78,0.523,17.268,16.8,0.627,0.645,1.0,0.2,105.52,106.5,88.75,107,0.571,22017,2017-10-22,NOP @ LAL,W,119
0021700041,1610612765,Pistons,DET,Detroit,240:00,87.4,86.9,98.4,99.0,-11.0,-12.1,0.424,1.0,11.5,0.236,0.738,0.454,14.233,14.1,0.424,0.461,1.0,0.201,98.46,98.5,82.08,99,0.358,22017,2017-10-23,DET vs. PHI,L,86
0021700041,1610612755,76ers,PHI,Philadelphia,240:00,98.4,99.0,87.4,86.9,11.0,12.1,0.714,1.19,19.0,0.262,0.764,0.546,21.307,21.4,0.527,0.567,1.0,0.199,98.46,98.5,82.08,98,0.642,22017,2017-10-23,PHI @ DET,W,97
0021700042,1610612737,Hawks,ATL,Atlanta,240:00,94.0,91.2,102.0,102.0,-8.0,-10.8,0.389,0.67,11.8,0.209,0.72,0.484,21.229,20.6,0.52,0.554,1.0,0.198,100.42,102.0,85.0,102,0.457,22017,2017-10-23,ATL @ MIA,L,93
0021700042,1610612748,Heat,MIA,Miami,240:00,102.0,102.0,94.0,91.2,8.0,10.8,0.538,1.11,15.8,0.28,0.791,0.516,18.642,18.6,0.541,0.56,1.0,0.197,100.42,102.0,85.0,102,0.543,22017,2017-10-23,MIA vs. ATL,W,104
0021700043,1610612745,Rockets,HOU,Houston,240:00,94.6,96.8,105.1,105.4,-10.4,-8.6,0.781,1.47,19.4,0.24,0.825,0.5,17.872,18.3,0.474,0.517,1.0,0.196,94.2,93.0,77.5,93,0.409,22017,2017-10-23,HOU vs. MEM,L,90
0021700043,1610612763,Grizzlies,MEM,Memphis,240:00,105.1,105.4,94.6,96.8,10.4,8.6,0.552,1.33,14.3,0.175,0.76,0.5,12.864,12.9,0.471,0.581,1.0,0.199,94.2,93.0,77.5,93,0.591,22017,2017-10-23,MEM @ HOU,W,98
0021700044,1610612749,Bucks,MIL,Milwaukee,240:00,103.0,105.1,96.1,95.9,6.9,9.2,0.6,1.85,18.6,0.152,0.736,0.465,12.995,13.3,0.524,0.56,1.0,0.198,98.94,98.0,81.67,98,0.581,22017,2017-10-23,MIL vs. CHA,W,103
0021700044,1610612766,Hornets,CHA,Charlotte,240:00,96.1,95.9,103.0,105.1,-6.9,-9.2,0.515,1.21,13.6,0.264,0.848,0.535,14.309,14.3,0.468,0.501,1.0,0.202,98.94,98.0,81.67,98,0.419,22017,2017-10-23,CHA @ MIL,L,94
0021700045,1610612744,Warriors,GSW,Golden State,240:00,128.6,129.1,96.1,100.0,32.5,29.1,0.688,2.06,22.5,0.275,0.677,0.524,15.468,15.5,0.645,0.682,1.0,0.197,105.32,103.0,85.83,103,0.673,22017,2017-10-23,GSW @ DAL,W,133
0021700045,1610612742,Mavericks,DAL,Dallas,240:00,96.1,100.0,128.6,129.1,-32.5,-29.1,0.553,1.75,14.8,0.323,0.725,0.476,11.194,11.7,0.443,0.472,1.0,0.201,105.32,103.0,85.83,103,0.327,22017,2017-10-23,DAL vs. GSW,L,103
0021700046,1610612759,Spurs,SAS,San Antonio,240:00,98.9,101.0,96.5,97.0,2.4,4.0,0.475,0.95,13.7,0.407,0.833,0.608,19.585,20.0,0.472,0.504,1.0,0.2,101.34,100.0,83.33,100,0.552,22017,2017-10-23,SAS vs. TOR,W,101
0021700046,1610612761,Raptors,TOR,Toronto,240:00,96.5,97.0,98.9,101.0,-2.4,-4.0,0.5,1.13,13.9,0.167,0.593,0.392,14.916,15.0,0.488,0.536,1.0,0.197,101.34,100.0,83.33,100,0.448,22017,2017-10-23,TOR @ SAS,L,97
0021700047,1610612743,Nuggets,DEN,Denver,240:00,99.9,102.0,107.6,106.9,-7.7,-4.9,0.692,1.17,19.3,0.295,0.771,0.543,22.09,22.5,0.538,0.577,1.0,0.2,102.72,102.0,85.0,102,0.48,22017,2017-10-23,DEN vs. WAS,L,104
0021700047,1610612764,Wizards,WAS,Washington,240:00,107.6,106.9,99.9,102.0,7.7,4.9,0.649,1.6,17.7,0.229,0.705,0.457,14.805,14.7,0.494,0.566,1.0,0.199,102.72,102.0,85.0,102,0.52,22017,2017-10-23,WAS @ DEN,W,109
0021700048,1610612756,Suns,PHX,Phoenix,240:00,113.7,112.5,106.7,110.6,7.0,1.9,0.476,1.0,15.5,0.278,0.672,0.526,19.44,19.2,0.61,0.658,1.0,0.202,105.32,104.0,86.67,104,0.566,22017,2017-10-23,PHX vs. SAC,W,117
0021700048,1610612758,Kings,SAC,Sacramento,240:00,106.7,110.6,113.7,112.5,-7.0,-1.9,0.442,2.11,13.6,0.328,0.722,0.474,8.352,8.7,0.48,0.514,1.0,0.197,105.32,104.0,86.67,104,0.434,22017,2017-10-23,SAC @ PHX,L,115
0021700049,1610612741,Bulls,CHI,Chicago,240:00,114.6,117.9,127.0,125.3,-12.4,-7.4,0.667,2.33,20.9,0.261,0.738,0.489,12.28,12.6,0.574,0.598,1.0,0.193,95.7,95.0,79.17,95,0.452,22017,2017-10-24,CHI @ CLE,L,112
0021700049,1610612739,Cavaliers,CLE,Cleveland,240:00,127.0,125.3,114.6,117.9,12.4,7.4,0.651,3.11,21.6,0.262,0.739,0.511,9.607,9.5,0.614,0.642,1.0,0.201,95.7,95.0,79.17,95,0.548,22017,2017-10-24,CLE vs. CHI,W,119
0021700050,1610612753,Magic,ORL,Orlando,240:00,118.4,119.0,108.1,115.2,10.3,3.8,0.488,1.82,15.2,0.217,0.661,0.467,10.417,10.5,0.542,0.621,1.0,0.201,108.78,105.0,87.5,105,0.557,22017,2017-10-24,ORL vs. BKN,W,125
0021700050,1610612751,Nets,BKN,Brooklyn,240:00,108.1,115.2,118.4,119.0,-10.3,-3.8,0.525,1.4,14.3,0.339,0.783,0.533,13.398,14.3,0.474,0.545,1.0,0.198,108.78,105.0,87.5,105,0.443,22017,2017-10-24,BKN @ ORL,L,121
0021700076,1610612761,Raptors,TOR,Toronto,240:00,94.6,98.1,90.6,88.5,4.0,9.6,0.675,1.93,18.9,0.25,0.756,0.475,13.109,13.6,0.468,0.496,1.0,0.195,104.18,103.5,86.25,103,0.523,22017,2017-10-27,TOR @ LAL,W,101
0021700076,1610612747,Lakers,LAL,Los Angeles,240:00,90.6,88.5,94.6,98.1,-4.0,-9.6,0.556,0.95,15.3,0.244,0.75,0.525,20.677,20.2,0.475,0.514,1.0,0.201,104.18,103.5,86.25,104,0.477,22017,2017-10-27,LAL vs. TOR,L,92
0021700077,1610612739,Cavaliers,CLE,Cleveland,240:00,99.9,100.0,119.4,121.8,-19.5,-21.8,0.528,1.06,15.2,0.133,0.708,0.43,17.801,17.8,0.538,0.573,1.0,0.2,102.08,101.0,84.17,101,0.378,22017,2017-10-28,CLE @ NOP,L,101
0021700077,1610612740,Pelicans,NOP,New Orleans,240:00,119.4,121.8,99.9,100.0,19.5,21.8,0.673,3.0,22.6,0.292,0.867,0.57,10.675,10.9,0.584,0.603,1.0,0.198,102.08,101.0,84.17,101,0.622,22017,2017-10-28,NOP vs. CLE,W,123
0021700078,1610612748,Heat,MIA,Miami,240:00,90.9,96.8,102.7,103.2,-11.9,-6.5,0.5,0.89,13.9,0.289,0.714,0.511,19.184,20.4,0.475,0.523,1.0,0.198,96.24,93.0,77.5,93,0.445,22017,2017-10-28,MIA vs. BOS,L,90
0021700078,1610612738,Celtics,BOS,Boston,240:00,102.7,103.2,90.9,96.8,11.9,6.5,0.441,1.25,12.6,0.286,0.711,0.489,12.842,12.9,0.457,0.519,1.0,0.199,96.24,93.0,77.5,93,0.555,22017,2017-10-28,BOS @ MIA,W,96
0021700079,1610612760,Thunder,OKC,Oklahoma City,240:00,106.1,105.2,72.8,73.4,33.4,31.8,0.718,2.33,20.9,0.294,0.741,0.532,12.61,12.5,0.517,0.536,1.0,0.198,94.98,95.0,79.17,96,0.737,22017,2017-10-28,OKC @ CHI,W,101
0021700079,1610612741,Bulls,CHI,Chicago,240:00,72.8,73.4,106.1,105.2,-33.4,-31.8,0.727,0.8,13.0,0.259,0.706,0.468,21.097,21.3,0.346,0.397,1.0,0.199,94.98,95.0,79.17,94,0.263,22017,2017-10-28,CHI vs. OKC,L,69
0021700080,1610612763,Grizzlies,MEM,Memphis,240:00,110.4,108.4,91.5,93.7,18.9,14.7,0.65,2.89,20.8,0.156,0.78,0.484,9.648,9.5,0.553,0.57,1.0,0.199,95.26,95.0,79.17,95,0.644,22017,2017-10-28,MEM vs. HOU,W,103
0021700080,1610612745,Rockets,HOU,Houston,240:00,91.5,93.7,110.4,108.4,-18.9,-14.7,0.621,0.95,14.6,0.22,0.844,0.516,19.539,20.0,0.468,0.516,1.0,0.192,95.26,95.0,79.17,95,0.356,22017,2017-10-28,HOU @ MEM,L,89
0021700081,1610612755,76ers,PHI,Philadelphia,240:00,116.5,117.9,113.0,114.6,3.5,3.3,0.581,1.79,18.9,0.304,0.821,0.541,14.559,14.7,0.586,0.601,1.0,0.2,96.76,95.5,79.58,95,0.506,22017,2017-10-28,PHI @ DAL,W,112
0021700081,1610612742,Mavericks,DAL,Dallas,240:00,113.0,114.6,116.5,117.9,-3.5,-3.3,0.579,1.22,18.0,0.179,0.696,0.459,18.488,18.8,0.642,0.668,1.0,0.197,96.76,95.5,79.58,96,0.494,22017,2017-10-28,DAL vs. PHI,L,110
0021700082,1610612747,Lakers,LAL,Los Angeles,240:00,88.2,89.0,102.4,106.7,-14.2,-17.7,0.548,1.06,13.8,0.34,0.568,0.443,17.429,17.6,0.414,0.451,1.0,0.2,92.76,90.5,75.42,91,0.398,22017,2017-10-28,LAL @ UTA,L,81
0021700082,1610612762,Jazz,UTA,Utah,240:00,102.4,106.7,88.2,89.0,14.2,17.7,0.486,0.78,14.3,0.432,0.66,0.557,24.541,25.6,0.551,0.567,1.0,0.197,92.76,90.5,75.42,90,0.602,22017,2017-10-28,UTA vs. LAL,W,96
0021700083,1610612757,Trail Blazers,POR,Portland,240:00,107.2,106.5,101.7,101.9,5.5,4.6,0.675,1.8,18.6,0.308,0.764,0.542,14.108,14.0,0.5,0.552,1.0,0.198,105.76,106.0,88.33,107,0.539,22017,2017-10-28,POR vs. PHX,W,114
0021700083,1610612756,Suns,PHX,Phoenix,240:00,101.7,101.9,107.2,106.5,-5.5,-4.6,0.568,1.24,15.2,0.236,0.692,0.458,16.16,16.2,0.477,0.534,1.0,0.198,105.76,106.0,88.33,105,0.461,22017,2017-10-28,PHX @ POR,L,107
0021700084,1610612765,Pistons,DET,Detroit,240:00,96.7,97.9,89.1,90.6,7.6,7.3,0.444,1.23,12.7,0.309,0.69,0.504,13.233,13.4,0.46,0.488,1.0,0.2,97.96,96.5,80.42,97,0.564,22017,2017-10-28,DET @ LAC,W,95
0021700084,1610612746,Clippers,LAC,LA,240:00,89.1,90.6,96.7,97.9,-7.6,-7.3,0.679,1.0,14.4,0.31,0.691,0.496,19.451,19.8,0.423,0.464,1.0,0.199,97.96,96.5,80.42,96,0.436,22017,2017-10-28,LAC vs. DET,L,87
0021700085,1610612737,Hawks,ATL,Atlanta,240:00,104.5,103.9,117.9,113.6,-13.4,-9.7,0.75,1.69,20.5,0.111,0.875,0.471,15.773,15.7,0.552,0.599,1.0,0.201,100.34,102.5,85.42,102,0.438,22017,2017-10-29,ATL vs. MIL,L,106
0021700085,1610612749,Bucks,MIL,Milwaukee,240:00,117.9,113.6,104.5,103.9,13.4,9.7,0.682,2.14,22.3,0.125,0.889,0.529,14.107,13.6,0.623,0.648,1.0,0.201,100.34,102.5,85.42,103,0.562,22017,2017-10-29,MIL @ ATL,W,117
0021700086,1610612754,Pacers,IND,Indiana,240:00,98.2,101.0,91.3,97.9,6.8,3.1,0.583,1.11,16.7,0.256,0.69,0.505,19.231,19.8,0.532,0.565,1.0,0.2,100.86,96.0,80.0,96,0.514,22017,2017-10-29,IND vs. SAS,W,97
0021700086,1610612759,Spurs,SAS,San Antonio,240:00,91.3,97.9,98.2,101.0,-6.8,-3.1,0.528,1.12,14.2,0.31,0.744,0.495,16.518,17.7,0.45,0.48,1.0,0.195,100.86,96.0,80.0,96,0.486,22017,2017-10-29,SAS @ IND,L,94
0021700087,1610612751,Nets,BKN,Brooklyn,240:00,103.1,105.7,117.3,118.1,-14.2,-12.4,0.615,1.6,16.1,0.333,0.896,0.577,13.935,14.3,0.469,0.506,1.0,0.199,106.66,105.0,87.5,105,0.42,22017,2017-10-29,BKN vs. DEN,L,111
0021700087,1610612743,Nuggets,DEN,Denver,240:00,117.3,118.1,103.1,105.7,14.2,12.4,0.489,3.83,17.3,0.104,0.667,0.423,5.678,5.7,0.559,0.598,1.0,0.199,106.66,105.0,87.5,105,0.58,22017,2017-10-29,DEN @ BKN,W,124
0021700088,1610612766,Hornets,CHA,Charlotte,240:00,109.6,112.1,102.3,107.6,7.3,4.5,0.585,1.82,20.3,0.375,0.787,0.606,15.528,15.9,0.577,0.574,1.0,0.199,109.96,106.0,88.33,107,0.556,22017,2017-10-29,CHA vs. ORL,W,120
0021700088,1610612753,Magic,ORL,Orlando,240:00,102.3,107.6,109.6,112.1,-7.3,-4.5,0.683,2.55,19.0,0.213,0.625,0.394,9.96,10.5,0.479,0.521,1.0,0.198,109.96,106.0,88.33,105,0.444,22017,2017-10-29,ORL @ CHA,L,113
0021700089,1610612764,Wizards,WAS,Washington,240:00,112.5,113.4,84.7,84.7,27.8,28.7,0.7,1.65,20.2,0.327,0.72,0.525,17.382,17.5,0.571,0.586,1.0,0.199,97.92,97.5,81.25,97,0.678,22017,2017-10-29,WAS @ SAC,W,110
0021700089,1610612758,Kings,SAC,Sacramento,240:00,84.7,84.7,112.5,113.4,-27.8,-28.7,0.406,0.65,10.7,0.28,0.673,0.475,20.4,20.4,0.427,0.466,1.0,0.194,97.92,97.5,81.25,98,0.322,22017,2017-10-29,SAC vs. WAS,L,83
0021700090,1610612739,Cavaliers,CLE,Cleveland,240:00,94.2,95.0,112.6,114.0,-18.4,-19.0,0.645,1.33,15.6,0.196,0.7,0.446,14.869,15.0,0.444,0.511,1.0,0.2,101.06,100.0,83.33,100,0.387,22017,2017-10-29,CLE vs. NYK,L,95
0021700090,1610612752,Knicks,NYK,New York,240:00,112.6,114.0,94.2,95.0,18.4,19.0,0.643,1.93,19.4,0.3,0.804,0.554,13.829,14.0,0.545,0.58,1.0,0.201,101.06,100.0,83.33,100,0.613,22017,2017-10-29,NYK @ CLE,W,114
0021700091,1610612765,Pistons,DET,Detroit,240:00,118.0,119.8,108.9,113.8,9.1,6.0,0.512,1.57,16.1,0.4,0.647,0.5,14.362,14.6,0.527,0.572,1.0,0.196,97.88,95.0,79.17,96,0.512,22017,2017-10-29,DET @ GSW,W,115
0021700091,1610612744,Warriors,GSW,Golden State,240:00,108.9,113.8,118.0,119.8,-9.1,-6.0,0.659,1.12,21.1,0.353,0.6,0.5,26.455,27.7,0.636,0.65,1.0,0.192,97.88,95.0,79.17,94,0.488,22017,2017-10-29,GSW vs. DET,L,107
0021700092,1610612738,Celtics,BOS,Boston,240:00,113.6,113.7,99.2,100.0,14.5,13.7,0.571,1.6,17.9,0.362,0.737,0.567,15.783,15.8,0.54,0.568,1.0,0.194,94.92,94.5,78.75,95,0.581,22017,2017-10-30,BOS vs. SAS,W,108
0021700092,1610612759,Spurs,SAS,San Antonio,240:00,99.2,100.0,113.6,113.7,-14.5,-13.7,0.667,2.18,18.3,0.263,0.638,0.433,11.603,11.7,0.483,0.491,1.0,0.2,94.92,94.5,78.75,94,0.419,22017,2017-10-30,SAS @ BOS,L,94
0021700093,1610612748,Heat,MIA,Miami,265:00,108.0,108.9,111.2,110.6,-3.2,-1.7,0.347,0.71,11.7,0.375,0.769,0.58,21.239,21.4,0.565,0.587,1.0,0.2,102.07,101.89,84.91,112,0.458,22017,2017-10-30,MIA vs. MIN,L,122
0021700093,1610612750,Timberwolves,MIN,Minnesota,265:00,111.2,110.6,108.0,108.9,3.2,1.7,0.488,1.25,14.0,0.231,0.625,0.42,14.235,14.2,0.511,0.587,1.0,0.199,102.07,101.89,84.91,113,0.542,22017,2017-10-30,MIN @ MIA,W,125
0021700094,1610612743,Nuggets,DEN,Denver,240:00,111.5,110.0,111.4,116.0,0.1,-6.0,0.571,1.54,15.2,0.273,0.571,0.402,13.179,13.0,0.518,0.558,1.0,0.202,101.38,100.0,83.33,100,0.432,22017,2017-10-30,DEN @ NYK,L,110
0021700094,1610612752,Knicks,NYK,New York,240:00,111.4,116.0,111.5,110.0,-0.1,6.0,0.659,1.17,19.0,0.429,0.727,0.598,22.09,23.0,0.579,0.63,1.0,0.2,101.38,100.0,83.33,100,0.568,22017,2017-10-30,NYK vs. DEN,W,116
0021700095,1610612755,76ers,PHI,Philadelphia,240:00,110.0,112.7,102.2,103.9,7.8,8.9,0.614,1.29,19.5,0.282,0.75,0.558,20.084,20.6,0.613,0.635,1.0,0.197,104.64,102.5,85.42,102,0.598,22017,2017-10-30,PHI @ HOU,W,115
0021700095,1610612745,Rockets,HOU,Houston,240:00,102.2,103.9,110.0,112.7,-7.8,-8.9,0.515,1.13,12.9,0.25,0.718,0.442,14.324,14.6,0.476,0.537,1.0,0.199,104.64,102.5,85.42,103,0.402,22017,2017-10-30,HOU vs. PHI,L,107
0021700096,1610612763,Grizzlies,MEM,Memphis,240:00,95.6,98.0,100.2,105.1,-4.6,-7.0,0.531,2.43,12.9,0.266,0.709,0.471,6.762,6.9,0.387,0.46,1.0,0.197,103.64,100.0,83.33,101,0.465,22017,2017-10-30,MEM vs. CHA,L,99
0021700096,1610612766,Hornets,CHA,Charlotte,240:00,100.2,105.1,95.6,98.0,4.6,7.0,0.405,1.25,11.6,0.291,0.734,0.529,11.565,12.1,0.455,0.511,1.0,0.197,103.64,100.0,83.33,99,0.535,22017,2017-10-30,CHA @ MEM,W,104
0021700097,1610612740,Pelicans,NOP,New Orleans,240:00,95.3,96.1,110.7,109.5,-15.4,-13.4,0.769,1.5,21.0,0.22,0.8,0.495,19.246,19.4,0.5,0.533,1.0,0.198,103.92,104.0,86.67,103,0.443,22017,2017-10-30,NOP vs. ORL,L,99
0021700097,1610612753,Magic,ORL,Orlando,240:00,110.7,109.5,95.3,96.1,15.4,13.4,0.628,1.59,19.7,0.2,0.78,0.505,16.359,16.2,0.6,0.619,1.0,0.198,103.92,104.0,86.67,105,0.557,22017,2017-10-30,ORL @ NOP,W,115
0021700098,1610612742,Mavericks,DAL,Dallas,240:00,92.9,93.7,108.8,110.6,-15.9,-17.0,0.5,0.71,14.0,0.302,0.778,0.545,25.042,25.3,0.526,0.55,1.0,0.198,95.72,94.5,78.75,95,0.385,22017,2017-10-30,DAL @ UTA,L,89
0021700098,1610612762,Jazz,UTA,Utah,240:00,108.8,110.6,92.9,93.7,15.9,17.0,0.658,1.79,19.7,0.222,0.698,0.455,14.644,14.9,0.568,0.594,1.0,0.201,95.72,94.5,78.75,94,0.615,22017,2017-10-30,UTA vs. DAL,W,104
0021700099,1610612757,Trail Blazers,POR,Portland,240:00,89.1,91.4,102.6,104.2,-13.5,-12.8,0.419,1.0,11.4,0.2,0.708,0.449,13.633,14.0,0.438,0.481,1.0,0.199,95.92,94.0,78.33,93,0.383,22017,2017-10-30,POR vs. TOR,L,85
0021700099,1610612761,Raptors,TOR,Toronto,240:00,102.6,104.2,89.1,91.4,13.5,12.8,0.436,1.7,14.0,0.292,0.8,0.551,10.365,10.5,0.494,0.524,1.0,0.197,95.92,94.0,78.33,95,0.617,22017,2017-10-30,TOR @ POR,W,99
0021700100,1610612744,Warriors,GSW,Golden State,240:00,140.7,135.6,108.4,108.7,32.3,26.9,0.712,3.08,24.5,0.366,0.708,0.551,11.976,11.5,0.663,0.69,1.0,0.201,102.2,104.0,86.67,104,0.641,22017,2017-10-30,GSW @ LAC,W,141
0021700100,1610612746,Clippers,LAC,LA,240:00,108.4,108.7,140.7,135.6,-32.3,-26.9,0.538,1.5,15.6,0.292,0.634,0.449,13.436,13.5,0.512,0.57,1.0,0.198,102.2,104.0,86.67,104,0.359,22017,2017-10-30,LAC vs. GSW,L,113
0021700126,1610612766,Hornets,CHA,Charlotte,240:00,101.5,101.0,104.4,108.0,-2.9,-7.0,0.485,1.33,12.7,0.259,0.787,0.505,12.063,12.0,0.463,0.513,1.0,0.201,101.46,100.0,83.33,100,0.43,22017,2017-11-03,CHA @ SAS,L,101
0021700126,1610612759,Spurs,SAS,San Antonio,240:00,104.4,108.0,101.5,101.0,2.9,7.0,0.795,1.94,21.9,0.213,0.741,0.495,15.468,16.0,0.524,0.572,1.0,0.194,101.46,100.0,83.33,100,0.57,22017,2017-11-03,SAS vs. CHA,W,108
0021700127,1610612748,Heat,MIA,Miami,240:00,97.1,98.9,100.0,101.1,-2.9,-2.1,0.639,1.0,18.0,0.279,0.694,0.5,23.751,24.2,0.565,0.574,1.0,0.198,95.92,94.5,78.75,95,0.512,22017,2017-11-03,MIA @ DEN,L,94
0021700127,1610612743,Nuggets,DEN,Denver,240:00,100.0,101.1,97.1,98.9,2.9,2.1,0.472,1.0,13.6,0.306,0.721,0.5,17.895,18.1,0.506,0.522,1.0,0.2,95.92,94.5,78.75,94,0.488,22017,2017-11-03,DEN vs. MIA,W,95
0021700128,1610612762,Jazz,UTA,Utah,240:00,105.8,106.4,114.4,113.5,-8.6,-7.2,0.314,0.79,9.5,0.239,0.778,0.476,14.805,14.9,0.488,0.552,1.0,0.199,94.94,95.0,79.17,94,0.408,22017,2017-11-03,UTA vs. TOR,L,100
0021700128,1610612761,Raptors,TOR,Toronto,240:00,114.4,113.5,105.8,106.4,8.6,7.2,0.526,1.18,16.6,0.222,0.761,0.524,17.835,17.7,0.613,0.654,1.0,0.195,94.94,95.0,79.17,96,0.592,22017,2017-11-03,TOR @ UTA,W,109
0021700129,1610612760,Thunder,OKC,Oklahoma City,240:00,99.8,100.0,106.8,107.4,-7.0,-7.4,0.571,1.67,16.0,0.245,0.725,0.481,12.744,12.8,0.477,0.505,1.0,0.2,94.36,94.0,78.33,94,0.458,22017,2017-11-03,OKC vs. BOS,L,94
0021700129,1610612738,Celtics,BOS,Boston,240:00,106.8,107.4,99.8,100.0,7.0,7.4,0.639,2.09,17.9,0.275,0.755,0.519,11.633,11.7,0.506,0.534,1.0,0.197,94.36,94.0,78.33,94,0.542,22017,2017-11-03,BOS @ OKC,W,101
0021700130,1610612751,Nets,BKN,Brooklyn,240:00,96.8,100.0,107.9,109.7,-11.2,-9.7,0.622,1.44,15.7,0.167,0.784,0.45,13.826,14.3,0.456,0.52,1.0,0.194,115.3,112.5,93.75,112,0.414,22017,2017-11-03,BKN @ LAL,L,112
0021700130,1610612747,Lakers,LAL,Los Angeles,240:00,107.9,109.7,96.8,100.0,11.2,9.7,0.542,1.63,17.6,0.216,0.833,0.55,13.928,14.2,0.559,0.586,1.0,0.199,115.3,112.5,93.75,113,0.586,22017,2017-11-03,LAL vs. BKN,W,124
0021700131,1610612763,Grizzlies,MEM,Memphis,240:00,115.8,120.2,109.9,113.0,5.9,7.2,0.525,1.75,16.5,0.37,0.625,0.5,12.3,12.8,0.554,0.598,1.0,0.199,96.1,93.0,77.5,94,0.532,22017,2017-11-04,MEM @ LAC,W,113
0021700131,1610612746,Clippers,LAC,LA,240:00,109.9,113.0,115.8,120.2,-5.9,-7.2,0.474,1.38,14.1,0.375,0.63,0.5,13.736,14.1,0.482,0.538,1.0,0.202,96.1,93.0,77.5,92,0.468,22017,2017-11-04,LAC vs. MEM,L,104
0021700132,1610612758,Kings,SAC,Sacramento,240:00,102.4,105.3,114.1,113.7,-11.7,-8.4,0.6,1.33,19.4,0.158,0.714,0.45,18.61,19.1,0.592,0.606,1.0,0.197,95.7,94.5,78.75,94,0.443,22017,2017-11-04,SAC @ DET,L,99
0021700132,1610612765,Pistons,DET,Detroit,240:00,114.1,113.7,102.4,105.3,11.7,8.4,0.7,2.0,21.4,0.286,0.842,0.55,14.787,14.7,0.589,0.609,1.0,0.203,95.7,94.5,78.75,95,0.557,22017,2017-11-04,DET vs. SAC,W,108
0021700133,1610612741,Bulls,CHI,Chicago,265:00,83.9,84.1,90.0,88.1,-6.1,-4.0,0.657,1.21,15.7,0.258,0.849,0.521,17.711,17.8,0.409,0.432,1.0,0.196,96.89,97.81,81.51,107,0.417,22017,2017-11-04,CHI vs. NOP,L,90
0021700133,1610612740,Pelicans,NOP,New Orleans,265:00,90.0,88.1,83.9,84.1,6.1,4.0,0.657,1.53,17.1,0.151,0.742,0.479,14.061,13.8,0.454,0.496,1.0,0.197,96.89,97.81,81.51,109,0.583,22017,2017-11-04,NOP @ CHI,W,96
0021700134,1610612742,Mavericks,DAL,Dallas,240:00,98.7,101.0,115.7,112.0,-17.0,-11.0,0.45,1.2,14.4,0.18,0.649,0.379,14.958,15.3,0.517,0.536,1.0,0.198,98.54,99.0,82.5,98,0.362,22017,2017-11-04,DAL @ MIN,L,99
0021700134,1610612750,Timberwolves,MIN,Minnesota,240:00,115.7,112.0,98.7,101.0,17.0,11.0,0.767,1.74,23.6,0.351,0.82,0.621,19.628,19.0,0.608,0.638,1.0,0.2,98.54,99.0,82.5,100,0.638,22017,2017-11-04,MIN vs. DAL,W,112
0021700135,1610612744,Warriors,GSW,Golden State,240:00,119.3,119.8,100.1,101.9,19.2,17.9,0.76,2.53,25.1,0.17,0.735,0.458,14.087,14.2,0.648,0.645,1.0,0.194,107.18,106.0,88.33,106,0.567,22017,2017-11-04,GSW @ DEN,W,127
0021700135,1610612743,Nuggets,DEN,Denver,240:00,100.1,101.9,119.3,119.8,-19.2,-17.9,0.65,1.44,18.2,0.265,0.83,0.542,16.685,17.0,0.494,0.546,1.0,0.197,107.18,106.0,88.33,106,0.433,22017,2017-11-04,DEN vs. GSW,L,108
0021700136,1610612737,Hawks,ATL,Atlanta,240:00,109.4,114.7,110.4,112.7,-1.1,2.0,0.585,1.41,16.9,0.32,0.648,0.49,15.894,16.7,0.541,0.579,1.0,0.198,105.54,102.0,85.0,102,0.505,22017,2017-11-05,ATL @ CLE,W,117
0021700136,1610612739,Cavaliers,CLE,Cleveland,240:00,110.4,112.7,109.4,114.7,1.1,-2.0,0.643,2.08,18.5,0.352,0.68,0.51,12.486,12.7,0.49,0.542,1.0,0.2,105.54,102.0,85.0,102,0.495,22017,2017-11-05,CLE vs. ATL,L,115
0021700137,1610612748,Heat,MIA,Miami,240:00,105.7,106.1,102.9,104.1,2.9,2.0,0.622,1.44,17.5,0.271,0.618,0.456,16.267,16.3,0.524,0.563,1.0,0.199,98.28,97.5,81.25,98,0.526,22017,2017-11-05,MIA @ LAC,W,104
0021700137,1610612746,Clippers,LAC,LA,240:00,102.9,104.1,105.7,106.1,-2.9,-2.0,0.471,1.0,12.1,0.382,0.729,0.544,16.293,16.5,0.443,0.504,1.0,0.2,98.28,97.5,81.25,97,0.474,22017,2017-11-05,LAC vs. MIA,L,101
0021700138,1610612738,Celtics,BOS,Boston,240:00,101.2,104.0,86.3,88.0,14.8,16.0,0.667,1.86,18.9,0.264,0.783,0.54,13.619,14.0,0.5,0.532,1.0,0.197,102.36,100.0,83.33,100,0.625,22017,2017-11-05,BOS @ ORL,W,104
0021700138,1610612753,Magic,ORL,Orlando,240:00,86.3,88.0,101.2,104.0,-14.8,-16.0,0.545,1.38,13.9,0.217,0.736,0.46,12.755,13.0,0.396,0.445,1.0,0.197,102.36,100.0,83.33,100,0.375,22017,2017-11-05,ORL vs. BOS,L,88
0021700139,1610612764,Wizards,WAS,Washington,240:00,105.8,109.2,100.1,99.0,5.7,10.2,0.475,1.12,14.5,0.362,0.813,0.589,16.812,17.3,0.535,0.562,1.0,0.2,98.5,97.5,81.25,98,0.556,22017,2017-11-05,WAS @ TOR,W,107
0021700139,1610612761,Raptors,TOR,Toronto,240:00,100.1,99.0,105.8,109.2,-5.7,-10.2,0.459,1.31,13.9,0.188,0.638,0.411,13.559,13.4,0.494,0.522,1.0,0.2,98.5,97.5,81.25,97,0.444,22017,2017-11-05,TOR vs. WAS,L,96
0021700140,1610612762,Jazz,UTA,Utah,240:00,106.2,108.9,130.2,134.3,-24.0,-25.4,0.579,1.69,16.5,0.22,0.771,0.447,12.553,12.9,0.506,0.558,1.0,0.199,104.4,101.5,84.58,101,0.388,22017,2017-11-05,UTA @ HOU,L,110
0021700140,1610612745,Rockets,HOU,Houston,240:00,130.2,134.3,106.2,108.9,24.0,25.4,0.542,1.3,19.1,0.229,0.78,0.553,19.004,19.6,0.735,0.759,1.0,0.198,104.4,101.5,84.58,102,0.612,22017,2017-11-05,HOU vs. UTA,W,137
0021700141,1610612756,Suns,PHX,Phoenix,240:00,97.3,97.9,114.4,114.3,-17.1,-16.3,0.622,1.28,17.5,0.271,0.745,0.505,18.428,18.6,0.506,0.524,1.0,0.201,97.8,97.5,81.25,97,0.425,22017,2017-11-05,PHX @ SAS,L,95
0021700141,1610612759,Spurs,SAS,San Antonio,240:00,114.4,114.3,97.3,97.9,17.1,16.3,0.477,2.1,16.5,0.255,0.729,0.495,10.212,10.2,0.563,0.584,1.0,0.2,97.8,97.5,81.25,98,0.575,22017,2017-11-05,SAS vs. PHX,W,112
0021700142,1610612754,Pacers,IND,Indiana,240:00,106.9,106.3,112.1,114.9,-5.2,-8.6,0.649,2.0,19.6,0.14,0.739,0.449,12.701,12.6,0.544,0.584,1.0,0.197,95.42,94.5,78.75,95,0.473,22017,2017-11-05,IND @ NYK,L,101
0021700142,1610612752,Knicks,NYK,New York,240:00,112.1,114.9,106.9,106.3,5.2,8.6,0.545,2.0,18.1,0.261,0.86,0.551,12.453,12.8,0.534,0.56,1.0,0.197,95.42,94.5,78.75,94,0.527,22017,2017-11-05,NYK vs. IND,W,108
0021700143,1610612750,Timberwolves,MIN,Minnesota,240:00,111.8,113.1,94.7,94.9,17.1,18.2,0.526,1.25,15.1,0.319,0.776,0.571,15.968,16.2,0.518,0.582,1.0,0.2,99.72,99.0,82.5,99,0.609,22017,2017-11-05,MIN vs. CHA,W,112
0021700143,1610612766,Hornets,CHA,Charlotte,240:00,94.7,94.9,111.8,113.1,-17.1,-18.2,0.649,2.18,18.0,0.224,0.681,0.429,11.084,11.1,0.466,0.478,1.0,0.201,99.72,99.0,82.5,99,0.391,22017,2017-11-05,CHA @ MIN,L,94
0021700144,1610612760,Thunder,OKC,Oklahoma City,240:00,98.4,97.1,100.7,101.0,-2.3,-3.9,0.425,1.55,13.8,0.196,0.763,0.438,10.934,10.8,0.511,0.518,1.0,0.201,101.46,102.0,85.0,102,0.42,22017,2017-11-05,OKC @ POR,L,99
0021700144,1610612757,Trail Blazers,POR,Portland,240:00,100.7,101.0,98.4,97.1,2.3,3.9,0.541,0.87,15.5,0.237,0.804,0.562,22.478,22.5,0.547,0.597,1.0,0.192,101.46,102.0,85.0,102,0.58,22017,2017-11-05,POR vs. OKC,W,103
0021700145,1610612763,Grizzlies,MEM,Memphis,240:00,102.9,102.0,100.8,109.2,2.0,-7.2,0.575,1.92,17.9,0.167,0.714,0.443,12.102,12.0,0.523,0.547,1.0,0.198,102.64,99.0,82.5,100,0.474,22017,2017-11-05,MEM @ LAL,L,102
0021700145,1610612747,Lakers,LAL,Los Angeles,240:00,100.8,109.2,102.9,102.0,-2.0,7.2,0.625,1.32,18.0,0.286,0.833,0.557,17.904,19.4,0.524,0.562,1.0,0.191,102.64,99.0,82.5,98,0.526,22017,2017-11-05,LAL vs. MEM,W,107
0021700146,1610612737,Hawks,ATL,Atlanta,240:00,108.3,110.3,112.6,114.6,-4.3,-4.3,0.615,1.71,18.8,0.2,0.727,0.461,14.17,14.4,0.562,0.596,1.0,0.198,98.24,96.5,80.42,97,0.481,22017,2017-11-06,ATL vs. BOS,L,107
0021700146,1610612738,Celtics,BOS,Boston,240:00,112.6,114.6,108.3,110.3,4.3,4.3,0.718,2.0,21.1,0.273,0.8,0.539,14.333,14.6,0.568,0.607,1.0,0.199,98.24,96.5,80.42,96,0.519,22017,2017-11-06,BOS @ ATL,W,110
0021700147,1610612751,Nets,BKN,Brooklyn,240:00,93.5,92.5,88.1,87.6,5.4,4.8,0.571,1.25,14.7,0.268,0.695,0.487,15.273,15.1,0.448,0.491,1.0,0.2,104.58,105.5,87.92,106,0.565,22017,2017-11-06,BKN @ PHX,W,98
0021700147,1610612756,Suns,PHX,Phoenix,240:00,88.1,87.6,93.5,92.5,-5.4,-4.8,0.433,0.76,9.9,0.305,0.732,0.513,16.284,16.2,0.384,0.454,1.0,0.201,104.58,105.5,87.92,105,0.435,22017,2017-11-06,PHX vs. BKN,L,92
0021700148,1610612748,Heat,MIA,Miami,240:00,75.1,76.9,97.4,95.1,-22.3,-18.2,0.633,0.83,14.3,0.25,0.727,0.486,21.6,22.1,0.41,0.442,1.0,0.19,103.02,103.0,85.83,104,0.376,22017,2017-11-06,MIA @ GSW,L,80
0021700148,1610612744,Warriors,GSW,Golden State,240:00,97.4,95.1,75.1,76.9,22.3,18.2,0.625,1.33,15.1,0.273,0.75,0.514,15.066,14.7,0.431,0.497,1.0,0.199,103.02,103.0,85.83,102,0.624,22017,2017-11-06,GSW vs. MIA,W,97
0021700149,1610612749,Bucks,MIL,Milwaukee,240:00,121.4,120.2,124.3,126.5,-3.0,-6.3,0.617,1.81,21.5,0.256,0.644,0.464,16.32,16.2,0.645,0.661,1.0,0.2,98.88,98.5,82.08,99,0.486,22017,2017-11-07,MIL @ CLE,L,119
0021700149,1610612739,Cavaliers,CLE,Cleveland,240:00,124.3,126.5,121.4,120.2,3.0,6.3,0.439,1.38,13.9,0.356,0.744,0.536,13.037,13.3,0.555,0.628,1.0,0.201,98.88,98.5,82.08,98,0.514,22017,2017-11-07,CLE vs. MIL,W,124
0021700150,1610612754,Pacers,IND,Indiana,240:00,111.0,114.3,118.6,118.2,-7.6,-3.9,0.432,1.73,14.5,0.314,0.681,0.49,10.9,11.2,0.522,0.555,1.0,0.198,99.8,98.5,82.08,98,0.457,22017,2017-11-07,IND vs. NOP,L,112
0021700150,1610612740,Pelicans,NOP,New Orleans,240:00,118.6,118.2,111.0,114.3,7.6,3.9,0.523,1.77,17.3,0.319,0.686,0.51,13.174,13.1,0.586,0.605,1.0,0.199,99.8,98.5,82.08,99,0.543,22017,2017-11-07,NOP @ IND,W,117
0021700176,1610612757,Trail Blazers,POR,Portland,240:00,98.1,98.0,102.7,102.0,-4.5,-4.0,0.425,1.55,13.3,0.255,0.789,0.527,11.129,11.1,0.463,0.486,1.0,0.198,98.6,99.0,82.5,99,0.456,22017,2017-11-10,POR vs. BKN,L,97
0021700176,1610612751,Nets,BKN,Brooklyn,240:00,102.7,102.0,98.1,98.0,4.5,4.0,0.641,2.5,18.6,0.211,0.745,0.473,10.167,10.1,0.495,0.508,1.0,0.199,98.6,99.0,82.5,99,0.544,22017,2017-11-10,BKN @ POR,W,101
0021700177,1610612764,Wizards,WAS,Washington,240:00,110.4,113.0,90.0,94.9,20.5,18.1,0.524,0.96,16.3,0.375,0.692,0.554,22.478,23.0,0.583,0.626,1.0,0.198,103.4,99.5,82.92,100,0.672,22017,2017-11-11,WAS vs. ATL,W,113
0021700177,1610612737,Hawks,ATL,Atlanta,240:00,90.0,94.9,110.4,113.0,-20.5,-18.1,0.559,0.79,14.2,0.308,0.625,0.446,22.971,24.2,0.494,0.519,1.0,0.199,103.4,99.5,82.92,99,0.328,22017,2017-11-11,ATL @ WAS,L,94
0021700178,1610612746,Clippers,LAC,LA,240:00,101.1,99.0,105.2,106.7,-4.1,-7.7,0.457,1.33,12.7,0.17,0.75,0.419,11.779,11.5,0.465,0.526,1.0,0.198,103.72,104.0,86.67,104,0.403,22017,2017-11-11,LAC @ NOP,L,103
0021700178,1610612740,Pelicans,NOP,New Orleans,240:00,105.2,106.7,101.1,99.0,4.1,7.7,0.605,1.13,18.6,0.25,0.83,0.581,21.789,22.1,0.575,0.613,1.0,0.195,103.72,104.0,86.67,104,0.597,22017,2017-11-11,NOP vs. LAC,W,111
0021700179,1610612752,Knicks,NYK,New York,240:00,118.5,120.4,95.6,93.8,22.9,26.6,0.617,2.64,21.2,0.261,0.76,0.521,11.044,11.2,0.589,0.611,1.0,0.197,97.4,97.5,81.25,98,0.626,22017,2017-11-11,NYK vs. SAC,W,118
0021700179,1610612758,Kings,SAC,Sacramento,240:00,95.6,93.8,118.5,120.4,-22.9,-26.6,0.633,1.46,15.2,0.24,0.739,0.479,13.655,13.4,0.419,0.488,1.0,0.202,97.4,97.5,81.25,97,0.374,22017,2017-11-11,SAC @ NYK,L,91
0021700180,1610612745,Rockets,HOU,Houston,240:00,111.8,109.9,94.2,94.1,17.6,15.8,0.486,1.2,14.0,0.229,0.818,0.511,15.103,14.9,0.542,0.582,1.0,0.199,100.62,101.5,84.58,101,0.54,22017,2017-11-11,HOU vs. MEM,W,111
0021700180,1610612763,Grizzlies,MEM,Memphis,240:00,94.2,94.1,111.8,109.9,-17.6,-15.8,0.605,1.15,17.7,0.182,0.771,0.489,19.623,19.6,0.519,0.552,1.0,0.198,100.62,101.5,84.58,102,0.46,22017,2017-11-11,MEM @ HOU,L,96
0021700181,1610612742,Mavericks,DAL,Dallas,240:00,100.7,99.0,107.4,105.7,-6.6,-6.7,0.538,1.91,15.8,0.182,0.75,0.447,10.655,10.5,0.478,0.514,1.0,0.2,103.32,105.0,87.5,105,0.433,22017,2017-11-11,DAL vs. CLE,L,104
0021700181,1610612739,Cavaliers,CLE,Cleveland,240:00,107.4,105.7,100.7,99.0,6.6,6.7,0.514,1.06,13.7,0.25,0.818,0.553,16.441,16.2,0.506,0.576,1.0,0.203,103.32,105.0,87.5,105,0.567,22017,2017-11-11,CLE @ DAL,W,111
0021700182,1610612749,Bucks,MIL,Milwaukee,240:00,94.7,97.0,85.5,89.1,9.3,7.9,0.457,1.0,12.5,0.222,0.7,0.452,15.468,15.8,0.447,0.508,1.0,0.192,104.36,101.0,84.17,101,0.515,22017,2017-11-11,MIL vs. LAL,W,98
0021700182,1610612747,Lakers,LAL,Los Angeles,240:00,85.5,89.1,94.7,97.0,-9.3,-7.9,0.677,0.91,15.6,0.3,0.778,0.548,21.847,22.8,0.459,0.498,1.0,0.198,104.36,101.0,84.17,101,0.485,22017,2017-11-11,LAL @ MIL,L,90
0021700183,1610612759,Spurs,SAS,San Antonio,240:00,135.7,135.7,94.3,94.9,41.4,40.8,0.647,2.36,23.7,0.257,0.84,0.6,14.28,14.3,0.706,0.723,1.0,0.198,98.88,98.5,82.08,98,0.667,22017,2017-11-11,SAS vs. CHI,W,133
0021700183,1610612741,Bulls,CHI,Chicago,240:00,94.3,94.9,135.7,135.7,-41.4,-40.8,0.55,1.69,17.4,0.16,0.743,0.4,13.037,13.1,0.5,0.512,1.0,0.199,98.88,98.5,82.08,99,0.333,22017,2017-11-11,CHI @ SAS,L,94
0021700184,1610612744,Warriors,GSW,Golden State,240:00,121.1,122.7,103.8,103.6,17.3,19.1,0.646,1.41,21.2,0.2,0.75,0.529,19.742,20.0,0.671,0.722,1.0,0.198,110.62,110.0,91.67,110,0.611,22017,2017-11-11,GSW vs. PHI,W,135
0021700184,1610612755,76ers,PHI,Philadelphia,240:00,103.8,103.6,121.1,122.7,-17.3,-19.1,0.682,1.5,19.6,0.25,0.8,0.471,18.215,18.2,0.532,0.554,1.0,0.197,110.62,110.0,91.67,110,0.389,22017,2017-11-11,PHI @ GSW,L,114
0021700185,1610612753,Magic,ORL,Orlando,240:00,107.2,107.0,126.4,126.3,-19.2,-19.3,0.585,2.0,18.2,0.204,0.667,0.426,12.024,12.0,0.534,0.558,1.0,0.197,99.34,99.5,82.92,100,0.403,22017,2017-11-11,ORL @ DEN,L,107
0021700185,1610612743,Nuggets,DEN,Denver,240:00,126.4,126.3,107.2,107.0,19.2,19.3,0.63,2.23,20.6,0.333,0.796,0.574,13.147,13.1,0.598,0.632,1.0,0.198,99.34,99.5,82.92,99,0.597,22017,2017-11-11,DEN vs. ORL,W,125
0021700186,1610612750,Timberwolves,MIN,Minnesota,240:00,106.4,104.8,109.7,112.4,-3.3,-7.6,0.41,1.45,11.6,0.333,0.738,0.5,10.638,10.5,0.427,0.494,1.0,0.201,105.48,105.0,87.5,105,0.45,22017,2017-11-11,MIN @ PHX,L,110
0021700186,1610612756,Suns,PHX,Phoenix,240:00,109.7,112.4,106.4,104.8,3.3,7.6,0.457,1.17,15.5,0.262,0.667,0.5,16.735,17.1,0.593,0.611,1.0,0.199,105.48,105.0,87.5,105,0.55,22017,2017-11-11,PHX vs. MIN,W,118
0021700187,1610612751,Nets,BKN,Brooklyn,240:00,105.8,102.9,114.0,111.8,-8.2,-8.9,0.371,0.76,10.6,0.229,0.739,0.479,16.973,16.5,0.507,0.569,1.0,0.2,100.08,102.5,85.42,103,0.447,22017,2017-11-11,BKN @ UTA,L,106
0021700187,1610612762,Jazz,UTA,Utah,240:00,114.0,111.8,105.8,102.9,8.2,8.9,0.463,1.19,14.5,0.261,0.771,0.521,16.0,15.7,0.547,0.594,1.0,0.2,100.08,102.5,85.42,102,0.553,22017,2017-11-11,UTA vs. BKN,W,114
0021700188,1610612738,Celtics,BOS,Boston,240:00,99.6,103.3,104.3,101.1,-4.7,2.2,0.686,1.6,17.9,0.377,0.821,0.565,15.73,16.3,0.46,0.498,1.0,0.198,92.74,92.5,77.08,92,0.495,22017,2017-11-12,BOS vs. TOR,W,95
0021700188,1610612761,Raptors,TOR,Toronto,240:00,104.3,101.1,99.6,103.3,4.7,-2.2,0.563,1.06,15.8,0.179,0.623,0.435,18.864,18.3,0.536,0.594,1.0,0.2,92.74,92.5,77.08,93,0.505,22017,2017-11-12,TOR @ BOS,L,94
0021700189,1610612748,Heat,MIA,Miami,240:00,104.0,107.3,114.5,114.3,-10.5,-7.0,0.641,2.78,19.1,0.17,0.714,0.431,9.087,9.4,0.506,0.531,1.0,0.198,98.42,97.0,80.83,96,0.449,22017,2017-11-12,MIA @ DET,L,103
0021700189,1610612765,Pistons,DET,Detroit,240:00,114.5,114.3,104.0,107.3,10.5,7.0,0.571,1.85,18.1,0.286,0.83,0.569,13.292,13.3,0.563,0.585,1.0,0.199,98.42,97.0,80.83,98,0.551,22017,2017-11-12,DET vs. MIA,W,112
0021700190,1610612745,Rockets,HOU,Houston,240:00,116.9,120.4,96.7,96.9,20.2,23.5,0.558,1.85,17.8,0.306,0.787,0.542,12.881,13.3,0.572,0.603,1.0,0.2,99.58,98.0,81.67,98,0.596,22017,2017-11-12,HOU @ IND,W,118
0021700190,1610612754,Pacers,IND,Indiana,240:00,96.7,96.9,116.9,120.4,-20.2,-23.5,0.486,1.38,14.6,0.213,0.694,0.458,13.233,13.3,0.494,0.515,1.0,0.201,99.58,98.0,81.67,98,0.404,22017,2017-11-12,IND vs. HOU,L,95
0021700191,1610612742,Mavericks,DAL,Dallas,240:00,95.3,98.0,111.4,113.1,-16.2,-15.1,0.486,0.9,13.5,0.308,0.895,0.556,19.246,19.8,0.489,0.521,1.0,0.198,102.22,100.0,83.33,101,0.419,22017,2017-11-12,DAL @ OKC,L,99
0021700191,1610612760,Thunder,OKC,Oklahoma City,240:00,111.4,113.1,95.3,98.0,16.2,15.1,0.583,1.24,16.9,0.105,0.692,0.444,16.912,17.2,0.604,0.647,1.0,0.195,102.22,100.0,83.33,99,0.581,22017,2017-11-12,OKC vs. DAL,W,112
0021700192,1610612764,Wizards,WAS,Washington,240:00,119.2,118.3,100.1,101.1,19.1,17.2,0.682,2.73,22.7,0.31,0.774,0.568,11.92,11.8,0.576,0.603,1.0,0.197,92.1,92.0,76.67,93,0.627,22017,2017-11-13,WAS vs. SAC,W,110
0021700192,1610612758,Kings,SAC,Sacramento,240:00,100.1,101.1,119.2,118.3,-19.1,-17.2,0.559,1.9,15.7,0.226,0.69,0.432,10.879,11.0,0.476,0.5,1.0,0.2,92.1,92.0,76.67,91,0.373,22017,2017-11-13,SAC @ WAS,L,92
0021700193,1610612752,Knicks,NYK,New York,240:00,99.3,99.0,100.3,103.0,-1.0,-4.0,0.5,1.12,14.2,0.308,0.673,0.495,16.719,16.7,0.477,0.517,1.0,0.201,102.68,101.5,84.58,102,0.517,22017,2017-11-13,NYK vs. CLE,L,101
0021700193,1610612739,Cavaliers,CLE,Cleveland,240:00,100.3,103.0,99.3,99.0,1.0,4.0,0.6,1.05,15.1,0.327,0.692,0.505,19.29,19.8,0.489,0.532,1.0,0.199,102.68,101.5,84.58,101,0.483,22017,2017-11-13,CLE @ NYK,W,104
0021700194,1610612763,Grizzlies,MEM,Memphis,240:00,111.7,113.2,117.0,119.6,-5.4,-6.4,0.568,1.4,17.3,0.256,0.682,0.482,16.262,16.5,0.559,0.604,1.0,0.2,93.12,91.5,76.25,91,0.463,22017,2017-11-13,MEM @ MIL,L,103
0021700194,1610612749,Bucks,MIL,Milwaukee,240:00,117.0,119.6,111.7,113.2,5.4,6.4,0.575,2.09,18.1,0.318,0.744,0.518,11.702,12.0,0.561,0.591,1.0,0.196,93.12,91.5,76.25,92,0.537,22017,2017-11-13,MIL vs. MEM,W,110
0021700195,1610612740,Pelicans,NOP,New Orleans,240:00,112.2,112.8,108.3,111.7,3.9,1.1,0.756,1.63,23.4,0.278,0.681,0.506,20.11,20.2,0.633,0.643,1.0,0.201,95.72,94.0,78.33,94,0.545,22017,2017-11-13,NOP vs. ATL,W,106
0021700195,1610612737,Hawks,ATL,Atlanta,240:00,108.3,111.7,112.2,112.8,-3.9,-1.1,0.625,1.56,18.9,0.319,0.722,0.494,16.502,17.0,0.557,0.577,1.0,0.2,95.72,94.0,78.33,94,0.455,22017,2017-11-13,ATL @ NOP,L,105
0021700196,1610612747,Lakers,LAL,Los Angeles,240:00,95.5,95.2,84.7,88.6,10.8,6.7,0.436,1.06,13.0,0.196,0.71,0.466,15.279,15.2,0.5,0.512,1.0,0.2,107.26,105.0,87.5,105,0.555,22017,2017-11-13,LAL @ PHX,W,100
0021700196,1610612756,Suns,PHX,Phoenix,240:00,84.7,88.6,95.5,95.2,-10.8,-6.7,0.405,0.88,11.0,0.29,0.804,0.534,15.483,16.2,0.426,0.448,1.0,0.197,107.26,105.0,87.5,105,0.445,22017,2017-11-13,PHX vs. LAL,L,93
0021700197,1610612762,Jazz,UTA,Utah,240:00,102.3,103.2,113.8,114.7,-11.6,-11.6,0.622,1.53,18.1,0.208,0.771,0.446,15.651,15.8,0.524,0.552,1.0,0.198,95.8,95.0,79.17,95,0.391,22017,2017-11-13,UTA vs. MIN,L,98
0021700197,1610612750,Timberwolves,MIN,Minnesota,240:00,113.8,114.7,102.3,103.2,11.6,11.6,0.595,1.29,17.9,0.229,0.792,0.554,17.753,17.9,0.592,0.651,1.0,0.197,95.8,95.0,79.17,95,0.609,22017,2017-11-13,MIN @ UTA,W,109
0021700198,1610612743,Nuggets,DEN,Denver,240:00,83.2,85.4,104.3,103.1,-21.1,-17.7,0.433,0.65,10.5,0.327,0.722,0.484,20.284,20.8,0.411,0.453,1.0,0.201,96.76,96.0,80.0,96,0.301,22017,2017-11-13,DEN @ POR,L,82
0021700198,1610612757,Trail Blazers,POR,Portland,240:00,104.3,103.1,83.2,85.4,21.1,17.7,0.579,1.0,17.6,0.278,0.673,0.516,23.177,22.9,0.568,0.612,1.0,0.198,96.76,96.0,80.0,96,0.699,22017,2017-11-13,POR vs. DEN,W,99
0021700199,1610612753,Magic,ORL,Orlando,240:00,97.2,99.0,111.1,108.9,-13.9,-9.9,0.703,2.36,19.6,0.173,0.717,0.429,10.688,10.9,0.477,0.521,1.0,0.2,100.98,101.0,84.17,101,0.44,22017,2017-11-13,ORL @ GSW,L,100
0021700199,1610612744,Warriors,GSW,Golden State,240:00,111.1,108.9,97.2,99.0,13.9,9.9,0.795,2.19,24.0,0.283,0.827,0.571,16.155,15.8,0.545,0.579,1.0,0.2,100.98,101.0,84.17,101,0.56,22017,2017-11-13,GSW vs. ORL,W,110
0021700200,1610612755,76ers,PHI,Philadelphia,240:00,106.4,107.9,102.9,105.0,3.6,2.9,0.711,1.35,19.4,0.372,0.778,0.598,19.531,19.8,0.539,0.59,1.0,0.201,102.24,100.5,83.75,101,0.611,22017,2017-11-13,PHI @ LAC,W,109
0021700200,1610612746,Clippers,LAC,LA,240:00,102.9,105.0,106.4,107.9,-3.6,-2.9,0.444,1.07,12.6,0.222,0.628,0.402,14.694,15.0,0.512,0.546,1.0,0.198,102.24,100.5,83.75,100,0.389,22017,2017-11-13,LAC vs. PHI,L,105
0021700225,1610612757,Trail Blazers,POR,Portland,240:00,86.3,90.1,92.9,94.5,-6.6,-4.4,0.433,0.72,10.9,0.327,0.706,0.515,18.939,19.8,0.414,0.466,1.0,0.196,93.82,91.0,75.83,91,0.435,22017,2017-11-17,POR @ SAC,L,82
0021700225,1610612758,Kings,SAC,Sacramento,240:00,92.9,94.5,86.3,90.1,6.6,4.4,0.556,1.54,16.1,0.294,0.673,0.485,14.039,14.3,0.447,0.469,1.0,0.199,93.82,91.0,75.83,91,0.565,22017,2017-11-17,SAC vs. POR,W,86
0021700226,1610612740,Pelicans,NOP,New Orleans,240:00,113.5,114.0,145.7,146.0,-32.1,-32.0,0.667,2.46,22.8,0.217,0.595,0.386,12.948,13.0,0.593,0.597,1.0,0.199,100.32,100.0,83.33,100,0.365,22017,2017-11-17,NOP @ DEN,L,114
0021700226,1610612743,Nuggets,DEN,Denver,240:00,145.7,146.0,113.5,114.0,32.1,32.0,0.661,2.47,24.6,0.405,0.783,0.614,14.964,15.0,0.73,0.743,1.0,0.198,100.32,100.0,83.33,100,0.635,22017,2017-11-17,DEN vs. NOP,W,146
0021700227,1610612747,Lakers,LAL,Los Angeles,240:00,101.3,100.0,104.8,108.0,-3.6,-8.0,0.578,1.37,17.7,0.229,0.754,0.514,17.031,16.8,0.533,0.556,1.0,0.199,113.96,113.0,94.17,113,0.494,22017,2017-11-17,LAL vs. PHX,L,113
0021700227,1610612756,Suns,PHX,Phoenix,240:00,104.8,108.0,101.3,100.0,3.6,8.0,0.583,2.0,18.3,0.246,0.771,0.486,12.032,12.4,0.529,0.548,1.0,0.195,113.96,113.0,94.17,113,0.506,22017,2017-11-17,PHX @ LAL,W,122
0021700228,1610612746,Clippers,LAC,LA,240:00,88.5,90.6,102.2,105.2,-13.8,-14.5,0.545,1.29,14.6,0.208,0.75,0.486,14.233,14.6,0.446,0.476,1.0,0.197,99.06,96.5,80.42,96,0.392,22017,2017-11-18,LAC @ CHA,L,87
0021700228,1610612766,Hornets,CHA,Charlotte,240:00,102.2,105.2,88.5,90.6,13.8,14.5,0.588,2.5,15.7,0.25,0.792,0.514,8.019,8.2,0.454,0.511,1.0,0.2,99.06,96.5,80.42,97,0.608,22017,2017-11-18,CHA vs. LAC,W,102
0021700229,1610612753,Magic,ORL,Orlando,240:00,88.4,85.0,121.5,122.5,-33.0,-37.5,0.419,0.81,10.8,0.2,0.686,0.434,16.646,16.0,0.432,0.466,1.0,0.2,99.52,101.0,84.17,100,0.3,22017,2017-11-18,ORL vs. UTA,L,85
0021700229,1610612762,Jazz,UTA,Utah,240:00,121.5,122.5,88.4,85.0,33.0,37.5,0.66,2.82,21.0,0.314,0.8,0.566,10.688,10.8,0.551,0.59,1.0,0.192,99.52,101.0,84.17,102,0.7,22017,2017-11-18,UTA @ ORL,W,125
0021700230,1610612738,Celtics,BOS,Boston,240:00,113.6,117.0,104.4,105.3,9.2,11.7,0.538,1.4,16.6,0.289,0.791,0.534,15.496,16.0,0.573,0.606,1.0,0.197,95.8,94.0,78.33,94,0.531,22017,2017-11-18,BOS @ ATL,W,110
0021700230,1610612737,Hawks,ATL,Atlanta,240:00,104.4,105.3,113.6,117.0,-9.2,-11.7,0.649,1.71,19.2,0.209,0.711,0.466,14.768,14.9,0.532,0.57,1.0,0.196,95.8,94.0,78.33,94,0.469,22017,2017-11-18,ATL vs. BOS,L,99
0021700231,1610612755,76ers,PHI,Philadelphia,240:00,111.5,114.9,121.8,121.6,-10.3,-6.7,0.596,2.55,19.6,0.25,0.698,0.453,10.573,10.9,0.536,0.557,1.0,0.196,102.92,101.5,84.58,101,0.45,22017,2017-11-18,PHI vs. GSW,L,116
0021700231,1610612744,Warriors,GSW,Golden State,240:00,121.8,121.6,111.5,114.9,10.3,6.7,0.5,1.92,18.1,0.302,0.75,0.547,12.77,12.7,0.588,0.621,1.0,0.195,102.92,101.5,84.58,102,0.55,22017,2017-11-18,GSW @ PHI,W,124
0021700232,1610612763,Grizzlies,MEM,Memphis,240:00,89.9,90.2,111.4,115.4,-21.6,-25.2,0.581,1.38,14.4,0.316,0.739,0.505,14.075,14.1,0.401,0.44,1.0,0.199,93.3,91.5,76.25,92,0.395,22017,2017-11-18,MEM vs. HOU,L,83
0021700232,1610612745,Rockets,HOU,Houston,240:00,111.4,115.4,89.9,90.2,21.6,25.2,0.6,1.31,16.9,0.261,0.684,0.495,16.978,17.6,0.564,0.602,1.0,0.198,93.3,91.5,76.25,91,0.605,22017,2017-11-18,HOU @ MEM,W,105
0021700233,1610612742,Mavericks,DAL,Dallas,240:00,114.0,115.6,86.2,84.0,27.8,31.6,0.711,1.59,20.6,0.279,0.852,0.598,17.461,17.7,0.601,0.635,1.0,0.197,94.5,95.0,79.17,96,0.726,22017,2017-11-18,DAL vs. MIL,W,111
0021700233,1610612749,Bucks,MIL,Milwaukee,240:00,86.2,84.0,114.0,115.6,-27.8,-31.6,0.464,1.08,11.5,0.148,0.721,0.402,13.095,12.8,0.419,0.451,1.0,0.203,94.5,95.0,79.17,94,0.274,22017,2017-11-18,MIL @ DAL,L,79
0021700234,1610612758,Kings,SAC,Sacramento,240:00,91.0,93.8,110.6,106.3,-19.6,-12.5,0.412,1.27,11.5,0.25,0.853,0.478,11.12,11.5,0.427,0.464,1.0,0.198,95.58,96.0,80.0,96,0.355,22017,2017-11-18,SAC @ POR,L,90
0021700234,1610612757,Trail Blazers,POR,Portland,240:00,110.6,106.3,91.0,93.8,19.6,12.5,0.5,1.06,16.3,0.147,0.75,0.522,19.514,18.8,0.614,0.644,1.0,0.2,95.58,96.0,80.0,96,0.645,22017,2017-11-18,POR vs. SAC,W,102
0021700235,1610612754,Pacers,IND,Indiana,240:00,128.3,129.0,99.8,101.1,28.5,28.0,0.647,2.36,24.4,0.265,0.694,0.518,14.97,15.1,0.665,0.678,1.0,0.195,94.34,93.5,77.92,93,0.642,22017,2017-11-19,IND @ MIA,W,120
0021700235,1610612748,Heat,MIA,Miami,240:00,99.8,101.1,128.3,129.0,-28.5,-28.0,0.6,1.31,16.6,0.306,0.735,0.482,16.814,17.0,0.5,0.533,1.0,0.198,94.34,93.5,77.92,94,0.358,22017,2017-11-19,MIA vs. IND,L,95
0021700236,1610612751,Nets,BKN,Brooklyn,240:00,99.0,101.8,108.1,107.3,-9.2,-5.4,0.706,1.85,16.1,0.246,0.816,0.483,11.591,11.9,0.442,0.495,1.0,0.198,110.64,109.5,91.25,109,0.399,22017,2017-11-19,BKN vs. GSW,L,111
0021700236,1610612744,Warriors,GSW,Golden State,240:00,108.1,107.3,99.0,101.8,9.2,5.4,0.63,1.93,20.1,0.184,0.754,0.517,13.746,13.6,0.567,0.589,1.0,0.2,110.64,109.5,91.25,110,0.601,22017,2017-11-19,GSW @ BKN,W,118
0021700237,1610612764,Wizards,WAS,Washington,240:00,94.6,101.1,107.3,109.9,-12.8,-8.8,0.588,1.43,16.1,0.283,0.712,0.495,14.547,15.6,0.488,0.504,1.0,0.2,94.7,90.5,75.42,90,0.445,22017,2017-11-19,WAS @ TOR,L,91
0021700237,1610612761,Raptors,TOR,Toronto,240:00,107.3,109.9,94.6,101.1,12.8,8.8,0.5,2.5,16.1,0.288,0.717,0.505,8.587,8.8,0.5,0.52,1.0,0.196,94.7,90.5,75.42,91,0.555,22017,2017-11-19,TOR vs. WAS,W,100
0021700238,1610612750,Timberwolves,MIN,Minnesota,240:00,96.1,99.0,100.2,103.1,-4.1,-4.1,0.575,1.1,17.7,0.268,0.708,0.506,20.809,21.4,0.545,0.564,1.0,0.196,100.36,97.5,81.25,98,0.517,22017,2017-11-19,MIN vs. DET,L,97
0021700238,1610612765,Pistons,DET,Detroit,240:00,100.2,103.1,96.1,99.0,4.1,4.1,0.641,1.32,18.4,0.292,0.732,0.494,19.038,19.6,0.518,0.545,1.0,0.199,100.36,97.5,81.25,97,0.483,22017,2017-11-19,DET @ MIN,W,100
0021700239,1610612741,Bulls,CHI,Chicago,240:00,97.1,101.0,111.1,108.7,-14.1,-7.7,0.476,1.54,14.3,0.29,0.787,0.505,12.019,12.5,0.475,0.49,1.0,0.195,104.92,104.0,86.67,104,0.385,22017,2017-11-19,CHI @ PHX,L,105
0021700239,1610612756,Suns,PHX,Phoenix,240:00,111.1,108.7,97.1,101.0,14.1,7.7,0.711,2.67,22.4,0.213,0.71,0.495,11.802,11.5,0.545,0.573,1.0,0.201,104.92,104.0,86.67,104,0.615,22017,2017-11-19,PHX vs. CHI,W,113
0021700240,1610612747,Lakers,LAL,Los Angeles,240:00,116.5,124.5,106.4,106.9,10.0,17.6,0.679,2.4,22.8,0.373,0.623,0.5,13.756,14.7,0.59,0.593,1.0,0.195,105.72,102.0,85.0,102,0.59,22017,2017-11-19,LAL vs. DEN,W,127
0021700240,1610612743,Nuggets,DEN,Denver,240:00,106.4,106.9,116.5,124.5,-10.0,-17.6,0.5,0.9,13.1,0.377,0.627,0.5,19.531,19.6,0.506,0.548,1.0,0.201,105.72,102.0,85.0,102,0.41,22017,2017-11-19,DEN @ LAL,L,109
0021700241,1610612766,Hornets,CHA,Charlotte,240:00,113.7,116.8,99.6,103.0,14.2,13.8,0.524,1.29,16.1,0.333,0.782,0.573,16.384,16.8,0.559,0.604,1.0,0.199,103.1,100.0,83.33,101,0.613,22017,2017-11-20,CHA vs. MIN,W,118
0021700241,1610612750,Timberwolves,MIN,Minnesota,240:00,99.6,103.0,113.7,116.8,-14.2,-13.8,0.351,1.18,10.4,0.218,0.667,0.427,10.738,11.1,0.444,0.503,1.0,0.196,103.1,100.0,83.33,99,0.387,22017,2017-11-20,MIN @ CHA,L,102
0021700242,1610612765,Pistons,DET,Detroit,240:00,98.1,96.7,126.8,128.9,-28.7,-32.2,0.676,1.64,19.2,0.196,0.763,0.452,15.604,15.4,0.526,0.532,1.0,0.201,90.6,90.5,75.42,91,0.353,22017,2017-11-20,DET vs. CLE,L,88
0021700242,1610612739,Cavaliers,CLE,Cleveland,240:00,126.8,128.9,98.1,96.7,28.7,32.2,0.667,2.55,22.1,0.237,0.804,0.548,12.024,12.2,0.625,0.663,1.0,0.199,90.6,90.5,75.42,90,0.647,22017,2017-11-20,CLE @ DET,W,116
0021700243,1610612753,Magic,ORL,Orlando,240:00,92.3,93.3,98.4,101.0,-6.1,-7.7,0.657,1.05,16.5,0.241,0.782,0.514,20.928,21.2,0.494,0.515,1.0,0.2,105.94,104.0,86.67,104,0.433,22017,2017-11-20,ORL vs. IND,L,97
0021700243,1610612754,Pacers,IND,Indiana,240:00,98.4,101.0,92.3,93.3,6.1,7.7,0.676,1.92,17.9,0.218,0.759,0.486,12.177,12.5,0.461,0.516,1.0,0.199,105.94,104.0,86.67,104,0.567,22017,2017-11-20,IND @ ORL,W,105
0021700244,1610612762,Jazz,UTA,Utah,240:00,85.7,84.3,101.2,104.9,-15.6,-20.6,0.6,1.29,14.4,0.143,0.705,0.39,13.95,13.7,0.406,0.461,1.0,0.201,103.02,102.0,85.0,102,0.371,22017,2017-11-20,UTA @ PHI,L,86
0021700244,1610612755,76ers,PHI,Philadelphia,240:00,101.2,104.9,85.7,84.3,15.6,20.6,0.455,1.0,14.9,0.295,0.857,0.61,18.925,19.6,0.541,0.565,1.0,0.195,103.02,102.0,85.0,102,0.629,22017,2017-11-20,PHI vs. UTA,W,107
0021700245,1610612746,Clippers,LAC,LA,240:00,84.0,87.6,107.0,108.1,-23.0,-20.5,0.667,0.91,15.2,0.259,0.587,0.41,21.731,22.7,0.438,0.476,1.0,0.198,100.62,98.0,81.67,97,0.342,22017,2017-11-20,LAC @ NYK,L,85
0021700245,1610612752,Knicks,NYK,New York,240:00,107.0,108.1,84.0,87.6,23.0,20.5,0.686,1.09,17.4,0.413,0.741,0.59,22.0,22.2,0.512,0.582,1.0,0.2,100.62,98.0,81.67,99,0.658,22017,2017-11-20,NYK vs. LAC,W,107
0021700246,1610612757,Trail Blazers,POR,Portland,240:00,100.9,103.1,92.8,96.8,8.1,6.3,0.333,0.65,8.8,0.385,0.86,0.633,17.158,17.5,0.434,0.515,1.0,0.195,99.1,96.0,80.0,97,0.532,22017,2017-11-20,POR @ MEM,W,100
0021700246,1610612763,Grizzlies,MEM,Memphis,240:00,92.8,96.8,100.9,103.1,-8.1,-6.3,0.697,2.88,18.1,0.14,0.615,0.367,8.071,8.4,0.43,0.479,1.0,0.198,99.1,96.0,80.0,95,0.468,22017,2017-11-20,MEM vs. POR,L,92
0021700247,1610612749,Bucks,MIL,Milwaukee,240:00,96.3,97.8,108.2,110.0,-11.9,-12.2,0.486,1.7,14.9,0.167,0.711,0.407,10.946,11.1,0.468,0.504,1.0,0.195,91.42,90.0,75.0,90,0.433,22017,2017-11-20,MIL vs. WAS,L,88
0021700247,1610612764,Wizards,WAS,Washington,240:00,108.2,110.0,96.3,97.8,11.9,12.2,0.59,1.28,18.8,0.289,0.833,0.593,19.676,20.0,0.588,0.608,1.0,0.195,91.42,90.0,75.0,90,0.567,22017,2017-11-20,WAS @ MIL,W,99
0021700248,1610612740,Pelicans,NOP,New Orleans,240:00,107.5,106.5,101.5,100.9,6.0,5.6,0.634,1.37,18.7,0.214,0.796,0.542,17.911,17.8,0.556,0.606,1.0,0.198,105.76,106.5,88.75,107,0.564,22017,2017-11-20,NOP vs. OKC,W,114
0021700248,1610612760,Thunder,OKC,Oklahoma City,240:00,101.5,100.9,107.5,106.5,-6.0,-5.6,0.579,1.57,16.1,0.204,0.786,0.458,13.278,13.2,0.489,0.533,1.0,0.201,105.76,106.5,88.75,106,0.436,22017,2017-11-20,OKC @ NOP,L,107
0021700249,1610612738,Celtics,BOS,Boston,265:00,102.4,99.1,94.6,94.4,7.8,4.7,0.632,1.41,17.6,0.143,0.864,0.537,15.823,15.3,0.53,0.576,1.0,0.199,97.47,99.17,82.64,111,0.573,22017,2017-11-20,BOS @ DAL,W,110
0021700249,1610612742,Mavericks,DAL,Dallas,265:00,94.6,94.4,102.4,99.1,-7.8,-4.7,0.462,1.64,13.5,0.136,0.857,0.463,10.204,10.2,0.443,0.487,1.0,0.197,97.47,99.17,82.64,108,0.427,22017,2017-11-20,DAL vs. BOS,L,102
